path,category,role,bytes,sha256,provenance
05-deliverables/SAOS-Assessment-Workbook-v0.1-BLANK.xlsx,Deliverables,Excel workbook,224193,455d837f5fccbfa2deb397297a84a5707c31a6b8db966870a94bd1210785eca9,"Original blank engagement workbook, renamed to the naming convention. Rebuild stamp 2025-11-28 predates the current toolchain - rebuild before issue, see QA finding F-02. | 19 sheets; cached Dashboard!B5=n/a; calcChain present"
05-deliverables/SAOS-Assessment-Workbook-v0.1-SAMPLE.xlsx,Deliverables,Excel workbook,226204,4e7b2cd045001120f6f14278740dbd65cd0ce694e22e2dff9e0982c9912eac9a,"Generated by build_workbook.py --sample, then recalculated in Excel. Sample mode writes every identifying field as ""Redacted"" so the build can never emit a plausible client identity. Never issue as a client deliverable - see QA finding F-01. | 19 sheets; cached Dashboard!B5=2.78; calcChain present"
05-deliverables/SAOS-Executive-Report-Template-v0.1.docx,Deliverables,Word document,35581,7478647250ec7c17dcb9c317d80b0e1b334d09df5f7560e91529ccdc6af31e98,"Original Word report template; version added to the filename. | 72 paragraphs, 14 tables"
01-governance/BUILD-ROADMAP.md,Governance,Documentation,10819,4037bdc656c0763fb8650515ec59f8a4a898ba052ec7130f272706e3a4a05dcd,Authored for this documentation and tooling packaging
01-governance/CHANGELOG.md,Governance,Documentation,9602,3978ac55202d381997c0df17e02affbd4ac5654b60506b3bd336f310c6c3477f,Authored for this documentation and tooling packaging
01-governance/DOCUMENT-CONTROL.md,Governance,Documentation,5466,51145673e6040dce2c7d2c1d624b9364cc741a1ca505d103d6ebce5dfecc2d59,Authored for this documentation and tooling packaging
08-infrastructure/BUILD-AND-VERIFY.md,Infrastructure,Documentation,13457,08ab08935efbeade7e4f2f25bf6f926b9f442bf810c5edf9b51694d6aab2bc1d,Authored for this documentation and tooling packaging
08-infrastructure/PUBLISHING.md,Infrastructure,Documentation,11213,292176e7a8d263790c8b5c800a01023bfd672e2d8fcf6c594741dabc77c29053,Authored for this documentation and tooling packaging
08-infrastructure/build_manifest.py,Infrastructure,Build or tooling script,11710,534d7c4e0b31d87c7884458496c60afef36bd0cc1948e7e8cee7f465b622aab7,Authored for this documentation and tooling packaging
08-infrastructure/package-lock.json,Infrastructure,Machine-readable data or schema,8010,44b275f3d604c568047eaf7a43e55e9842f111fdd9a8d3c456853a3fc32211ad,Authored for this packaging; not present in the original delivery (QA finding F-03).
08-infrastructure/package.json,Infrastructure,Machine-readable data or schema,381,0c5833a8d8bca9fb1d0fd8d9dbf8f3c2d213a7ace1e3f77f052b9adc3622c86e,Authored for this packaging; not present in the original delivery (QA finding F-03).
08-infrastructure/requirements.txt,Infrastructure,Dependency manifest,652,07d48732e523d460f24336c6d4ad574b14a4f41876505058deae0069b81baa28,Authored for this packaging; not present in the original delivery (QA finding F-03).
03-library/control-catalogue.csv,Library,Machine-readable export,96102,b8f65766cecd298a72e34ac334b70dec2dd3ee40344bf5f9c240c64486f93c99,Regenerated from the YAML library by export_library.py
03-library/control-catalogue.json,Library,Machine-readable data or schema,183275,9a5630101bf7872eb318618e6c0ce36c1be62442c1c46932dc945b2e47cab425,Regenerated from the YAML library by export_library.py
03-library/control-evidence.csv,Library,Machine-readable export,33083,1df74305c55fc382c81f3b3b3016757040d75cc9eedfeacd717ca1c76ad80a51,Regenerated from the YAML library by export_library.py
03-library/control-schema.json,Library,Machine-readable data or schema,5960,97254bb3a8ad8e9530f37f8423fb0d52cc6148f6c86a78092373f8170a055d91,Authored for this documentation and tooling packaging
03-library/domain-registry.csv,Library,Machine-readable export,2569,4df6cdc204d838e3d688a449d1802534a7ccd28161c6db4e9377b1125b263ca5,Regenerated from the YAML library by export_library.py
03-library/export_library.py,Library,Build or tooling script,12433,582a273a503c9270971570c2554cc04a2ceb50959b0d6b71eda61bc9c92272c0,Authored for this documentation and tooling packaging
03-library/family-registry.csv,Library,Machine-readable export,2225,4f9f1532a1d1e4a4ef57095b7ae6e657aca162dc273867c13d6aa12b4914c1bd,Regenerated from the YAML library by export_library.py
03-library/framework-mapping.csv,Library,Machine-readable export,67120,c22f6674a67316c68fd7f8d59831a0a3f0e2e37bb764fed3731676ed9295b6a2,Regenerated from the YAML library by export_library.py
03-library/validate_library.py,Library,Build or tooling script,10213,3dc8365e52d370b3948eb4144ddfb81c1e091a584d22622e8bd810e62c61fccb,Authored for this documentation and tooling packaging
02-methodology/CONTROL-SCHEMA.md,Methodology,Documentation,15639,fbad5fc6c7db531466c3a1fe5e33c0497177c2020ebc0e8b4be1c560aad0505e,Authored for this documentation and tooling packaging
02-methodology/DATA-DICTIONARY.md,Methodology,Documentation,23695,9107c8b49fcc88c3dee108d8dd22f57d23a4b779d74724c646f5dbf3f6702ec3,Authored for this documentation and tooling packaging
02-methodology/METHODOLOGY.md,Methodology,Documentation,14084,2f592bee9f94187f2a8e08f17f2ec94bfaeae7a26a842eb050f790ea156e87c2,Authored for this documentation and tooling packaging
07-reference/FILE-FORMAT-GUIDE.md,Reference,Documentation,24832,f220f6198970de751f498915de0b3fb3f600805767c8f0efc64119bb5962b4d9,Authored for this documentation and tooling packaging
07-reference/FRAMEWORK-REFERENCES.md,Reference,Documentation,15235,522e5e38f2612a098e27b6a3d6d71bff8673225fa4b685c30cf305751269c1f9,Authored for this documentation and tooling packaging
07-reference/QA-FINDINGS.md,Reference,Documentation,27158,e9bcae70c47d72772e5791e12f2bfea60624fd43a424172b5006d68cd2aa5833,Authored for this documentation and tooling packaging
README.md,Root,Documentation,4082,7883eafb8f60ccaef8dcdeda1c68a80b1063ecdb07b2cdd2c0f5cf4aa0f7e26d,Authored for this documentation and tooling packaging
06-source/README.md,Source,Documentation,778,956623151fb554fabc467a378354a21a9fe51f7e50239c847c01d03369eae4cf,Copied from the original source README; updated for the --sample flag.
06-source/build/build_report.js,Source,Build script,16875,94a1f247eb4cdfe0110fa7ccae7cb42641f6e23002cf1bc8b4569a1893752c51,Copied from the original source.
06-source/build/build_workbook.py,Source,Build or tooling script,66970,5342cb3032125275d1e38c89466cc569f0a722505f9d7a7cb23f95389c31216a,Copied from the original source; the synthetic-data flag was renamed to --sample and every sample-mode identity field is now written as Redacted.
06-source/library/controls/05_srv_part1.yaml,Source,Canonical source - control library,43245,fd04a900357abfa33f44608d0ee81195e9d9626d01e3f40d23503bb8d638e061,Authored for this documentation and tooling packaging
06-source/library/controls/05_srv_part2.yaml,Source,Canonical source - control library,26262,c432947ef7154788cfae6707326aece064e3ff083164f331fbc2598b5a636e86,Authored for this documentation and tooling packaging
06-source/library/controls/05_srv_part3.yaml,Source,Canonical source - control library,28808,7b9122216966670108e00f70ce911090f8dce6ab7869fe8a6f9d1417d316ef0b,Authored for this documentation and tooling packaging
06-source/library/meta.yaml,Source,Canonical source - control library,6072,be1ede44eda8758d22cea9f333ee9c4faa44f1bbdeff3ce6b2bda5beece178d1,Copied from the original source.
04-workflows/ENGAGEMENT-RUNBOOK.md,Workflows,Documentation,15250,c027edab6861364182bbd259f1f46d12856457422ec50639e00f72df8fde0c50,Authored for this documentation and tooling packaging
04-workflows/EVIDENCE-HANDLING.md,Workflows,Documentation,11653,82a57fc155ec9285da3cf3f73215dc717b7b91e5ae3b630b890183e807ab839b,Authored for this documentation and tooling packaging
