control_id,domain_code,domain,family_code,control_family,control_name,platform,control_type,objective,business_justification,threat_prevented,assessment_question,evidence_items,validation_procedure,test_methods,automation_potential,automation_method,default_likelihood,default_impact,inherent_score,criticality_weight,maturity_anchor_l1,maturity_anchor_l3,maturity_anchor_l5,remediation_guidance,references,iso_27001_2022,nist_csf_2_0,cis_controls_v8_1,soc2_2017_tsc,mitre_attack,mitre_tactics,zero_trust_pillars,checklist_origin,source_file
SRV-PHY-01,SRV,Server Security,PHY,Physical and Environmental Security,Physical access to servers is restricted and logged,All,Preventive,"Prevent unauthorised physical access to server hardware, consoles and storage.","Physical access bypasses most logical controls and can lead to data theft, tampering or prolonged outage.","Hardware tampering, console and boot-media attacks, drive theft, rogue device insertion.","Are servers housed in locked racks or access-controlled rooms, with access limited to authorised staff and logged?",6,"1. Interview the facilities owner and obtain the authorised-access list.
2. Walk the server room: check rack locks, door controls, cameras and visitor escort practice.
3. Sample 10 names on the list against HR leavers and job roles; review badge logs for after-hours entry.
4. For hosted or colocation sites, obtain the provider SOC 2 Type II or ISO 27001 certificate and confirm physical controls are in scope.",Interview; Document Review; Observation,Low,Badge-system export compared with the HR leaver list (CSV reconciliation).,2,5,10,2,Servers sit in open or shared areas; access is ad hoc and unlogged.,"Locked room or racks, documented access list, logs retained and reviewed annually.","Multi-factor physical entry, CCTV with retention, quarterly access recertification, automated leaver revocation and anomaly alerts.","Move servers into locked racks or rooms, define the authorised list, enable badge logging and CCTV, and recertify access at least quarterly for sensitive sites.",NIST SP 800-53 Rev.5 PE family; ISO/IEC 27002:2022 clause 7; NIST SP 800-88 Rev.1 (media sanitization); vendor hardware hardening guides,"A.7.1, A.7.2, A.7.4, A.7.6",PR.AA-06,N/A,CC6.4,IA:T1200,Initial Access,Infrastructure,1.1,05_srv_part1.yaml
SRV-PHY-02,SRV,Server Security,PHY,Physical and Environmental Security,Out-of-band management interfaces are isolated and hardened,All,Preventive,"Ensure BMC, iDRAC, iLO, IPMI and KVM-over-IP interfaces cannot be used to take over servers.","A compromised BMC gives console, power and virtual-media control that sits below the operating system and its security tooling.","BMC firmware and IPMI protocol exploitation, default credentials, firmware implants, remote console takeover.","Are out-of-band management interfaces on a dedicated management network, patched, with default credentials changed and strong authentication enforced?",4,"From an authorised host on the management VLAN, discover IPMI exposure with `nmap -sU -p 623 --script ipmi-version <mgmt-subnet>` and confirm IPMI-over-LAN is disabled or restricted.
Review BMC accounts, TLS certificate and firmware date in the web console or via Redfish (`curl -k -u <user> https://<bmc>/redfish/v1/Managers`).
Confirm the BMC subnet is unreachable from user and internet segments (`nc -vz <bmc-ip> 443` from a user VLAN should fail).",Interview; Configuration Review; Technical Validation,Medium,"Redfish API inventory of firmware versions and accounts; vendor tools (OpenManage, iLO RESTful API).",3,5,15,3,BMCs reachable from the production LAN with default credentials.,"Dedicated management VLAN, unique credentials, firmware versions tracked.","Access only via MFA jump host, Redfish-driven firmware compliance, IPMI-over-LAN disabled, BMC configuration baselined and monitored.","Move BMCs to an isolated management network, change all default credentials, disable IPMI-over-LAN or restrict it, patch firmware, and require access through a hardened jump host.",NIST SP 800-53 Rev.5 PE family; ISO/IEC 27002:2022 clause 7; NIST SP 800-88 Rev.1 (media sanitization); vendor hardware hardening guides,"A.8.9, A.8.20, A.8.22","PR.IR-01, PR.PS-01","4.6, 12.2","CC6.1, CC6.6",IA:T1190 | PS:T1542.001,Initial Access; Persistence,Network; Infrastructure,New,05_srv_part1.yaml
SRV-PHY-03,SRV,Server Security,PHY,Physical and Environmental Security,Removable media and unused ports are controlled,All,Preventive,"Reduce the risk of malware introduction and data removal through USB, optical, serial and console ports.",Removable media remains a path for malware delivery and unmonitored data exfiltration from servers.,"Malware via removable media, boot from unauthorised media, data exfiltration.","Are USB and removable-media ports, unused console ports and boot-from-removable options disabled or controlled on servers?",4,"Windows: `reg query HKLM\SYSTEM\CurrentControlSet\Services\USBSTOR /v Start` (value 4 means disabled) and review the GPO ""Removable Storage Access"".
Linux: `lsmod | grep usb_storage`, `systemctl status usbguard`, `grep -r usb-storage /etc/modprobe.d/`.
Review UEFI boot order and boot-device password settings for a sample of physical servers.",Configuration Review; Observation; Technical Validation,Medium,GPO or Intune export; Ansible or OpenSCAP check for a blacklisted usb-storage module.,2,4,8,1,Ports and boot options are open on all servers.,"Removable storage blocked by policy, boot order locked, exceptions approved.","Device control enforced by EDR with alerts on blocked attempts, quarterly exception review.","Block removable storage by policy, lock boot order with a firmware password, and use EDR device control with alerting where USB access is needed.",NIST SP 800-53 Rev.5 PE family; ISO/IEC 27002:2022 clause 7; NIST SP 800-88 Rev.1 (media sanitization); vendor hardware hardening guides,"A.7.10, A.8.9",PR.PS-01,"4.8, 10.3",CC6.7,IA:T1091,Initial Access,Infrastructure,New,05_srv_part1.yaml
SRV-PHY-04,SRV,Server Security,PHY,Physical and Environmental Security,Storage media is sanitised or destroyed before replacement and disposal,All,Preventive,"Ensure data cannot be recovered from storage devices that are replaced, returned, re-used or retired.",Discarded drives and vendor returns are a recurring source of confidential data exposure and regulatory breaches.,"Data recovery from discarded drives, leakage through vendor RMA returns.","Is media containing confidential data sanitised to a recognised standard or destroyed, with certificates retained, before leaving the organisation or being re-used?",5,"Sample 5 retired or RMA-returned servers from the asset register and trace each to a sanitisation record or destruction certificate.
Confirm the sanitisation method meets NIST SP 800-88 (clear, purge or destroy) and that crypto-erase is evidenced where self-encrypting drives are used.
Review vendor contracts for media retention or ""keep your drive"" clauses.",Interview; Document Review,Low,ITAM workflow that blocks asset closure without an attached sanitisation certificate.,2,4,8,2,Drives are discarded or returned without a defined process.,"Documented sanitisation standard, certificates retained for most disposals.","Full-disk encryption plus crypto-erase on every retirement, automated closure checks, periodic vendor audits.","Adopt a media sanitisation standard aligned to NIST SP 800-88, require certificates for every disposal, and add contract clauses for vendor-held media.",NIST SP 800-53 Rev.5 PE family; ISO/IEC 27002:2022 clause 7; NIST SP 800-88 Rev.1 (media sanitization); vendor hardware hardening guides,"A.7.14, A.7.10, A.8.10","ID.AM-08, PR.DS-01",3.5,CC6.5,CO:T1005,Collection,Data,11.1,05_srv_part1.yaml
SRV-CFG-01,SRV,Server Security,CFG,Secure Configuration and Change,Secure configuration baselines are defined for every server platform,All,Preventive,"Ensure servers are built to an approved, hardened and documented configuration.",Insecure defaults and inconsistent builds are a leading cause of avoidable compromise and audit findings.,Exploitation of insecure defaults and misconfiguration.,"Is there an approved hardening baseline (for example CIS Benchmark level) for each server OS and role, and is it applied at build?",4,"Obtain baselines and confirm they track a current CIS Benchmark or Microsoft security baseline version.
Sample 5 servers and measure compliance. Windows: Microsoft Security Compliance Toolkit (Policy Analyzer) or CIS-CAT. Linux: `oscap xccdf eval --profile <cis-profile> --report out.html <ssg-datastream>` or `lynis audit system`.
Record the percentage of controls passed and review the exceptions register for approval and expiry.",Document Review; Configuration Review; Technical Validation; Automated Validation,High,"OpenSCAP, CIS-CAT or Lynis scheduled scans; Microsoft Defender for Cloud or Intune configuration assessment; Ansible check mode.",4,4,16,3,Servers are built manually from the vendor defaults.,"Documented baselines per platform applied through build scripts, exceptions approved.","Baselines versioned as code, continuously assessed with automated compliance scoring, drift auto-remediated.","Adopt a CIS or vendor baseline per platform, encode it in build automation, and track exceptions with expiry dates.","CIS Benchmarks (Windows Server, RHEL, Ubuntu); Microsoft Security Baselines; DISA STIGs; NIST SP 800-123; NIST SP 800-70",A.8.9,PR.PS-01,4.1,"CC5.2, CC7.1",IA:T1190 | EX:T1059 | DE:T1562,Initial Access; Execution; Defense Evasion,Infrastructure,New,05_srv_part1.yaml
SRV-CFG-02,SRV,Server Security,CFG,Secure Configuration and Change,Configuration drift from the baseline is detected and corrected,All,Detective,Detect and remediate deviations from approved configurations in a timely way.,Unmanaged drift silently erodes hardening and can mask malicious modification.,"Gradual misconfiguration, unauthorised changes, attacker persistence settings left unnoticed.","Is compliance with the baseline continuously or periodically assessed, with deviations tracked to closure?",4,"Obtain the latest compliance scan and trend. Windows: `Get-DscConfigurationStatus` if DSC is used, or the Intune and Defender for Endpoint secure configuration export. Linux: `ansible-playbook site.yml --check --diff` or `aide --check`.
Select 3 failed items and verify each has an owner, a ticket and a remediation date.",Document Review; Technical Validation; Automated Validation,High,"Scheduled OpenSCAP, Ansible check mode, Intune compliance reports, Defender for Cloud recommendations.",3,3,9,2,No drift checks; configuration is reviewed only after incidents.,Periodic compliance scans with tracked remediation.,Continuous drift detection with automatic reversion and compliance trend reporting to management.,"Schedule automated baseline scans, route failures to owners via tickets, and auto-remediate low-risk drift.","CIS Benchmarks (Windows Server, RHEL, Ubuntu); Microsoft Security Baselines; DISA STIGs; NIST SP 800-123; NIST SP 800-70","A.8.9, A.8.16","PR.PS-01, DE.CM-09",4.1,CC7.1,DE:T1562 | PS:T1543,Defense Evasion; Persistence,Infrastructure,New,05_srv_part1.yaml
SRV-CFG-03,SRV,Server Security,CFG,Secure Configuration and Change,"Unnecessary services, roles, features and ports are disabled or removed",All,Preventive,Minimise attack surface by running only what each server role requires.,Every unneeded service is an additional vulnerability and monitoring burden.,"Exploitation of unused or legacy services (SMBv1, telnet, FTP, print spooler on non-print servers).","Are all services, roles, features, protocols and listening ports not required by the server role disabled or removed?",4,"Windows: `Get-WindowsFeature | where Installed`, `Get-Service | where Status -eq Running`, `Get-NetTCPConnection -State Listen`, `Get-SmbServerConfiguration | select EnableSMB1Protocol`.
Linux: `systemctl list-unit-files --state=enabled`, `ss -tulpn`, and check for telnet, rsh and ftp packages with `rpm -qa` or `dpkg -l`.
Compare results with the documented role requirement and record unexplained services.",Configuration Review; Technical Validation; Automated Validation,High,"osquery (listening_ports, services tables), Ansible facts, scheduled Nmap scans.",3,4,12,3,Default installs with all services enabled.,Role-based builds with documented service lists; periodic review.,"Minimal images, automated detection of unauthorised services and ports with alerts.","Build from minimal images, remove or disable unneeded services, and alert on newly listening ports.","CIS Benchmarks (Windows Server, RHEL, Ubuntu); Microsoft Security Baselines; DISA STIGs; NIST SP 800-123; NIST SP 800-70","A.8.9, A.8.19",PR.PS-01,4.8,"CC6.1, CC6.6",IA:T1190 | LM:T1021,Initial Access; Lateral Movement,Infrastructure,4.3,05_srv_part1.yaml
SRV-CFG-04,SRV,Server Security,CFG,Secure Configuration and Change,An approved authorised-use banner is displayed at login,All,Preventive,Establish a legal notice of authorised use at every administrative login interface.,A banner supports lawful monitoring and enforcement and is commonly required by regulators and insurers.,Disputed unauthorised-access enforcement and claims of implied consent.,"Do servers display a legally approved authorised-use notice at console, SSH, RDP and web administration logins?",4,"Windows: `reg query ""HKLM\SOFTWARE\Microsoft\Windows\CurrentVersion\Policies\System"" /v legalnoticetext`.
Linux: `sshd -T | grep -i banner` and `cat /etc/issue /etc/issue.net`.
Attempt a login to confirm the banner appears and record any interface where it is technically impossible.",Configuration Review; Observation; Technical Validation,High,GPO export or Ansible lineinfile check.,1,2,2,1,No banner configured.,Legal-approved banner deployed to all administrative interfaces.,Banner enforced as code with drift alerts and annual legal review.,Obtain legal-approved wording and deploy it by GPO or configuration management to all login interfaces.,"CIS Benchmarks (Windows Server, RHEL, Ubuntu); Microsoft Security Baselines; DISA STIGs; NIST SP 800-123; NIST SP 800-70","A.5.10, A.8.5",GV.PO-01,N/A,CC6.1,N/A,,Identity,1.4,05_srv_part1.yaml
SRV-CFG-05,SRV,Server Security,CFG,Secure Configuration and Change,Boot chain integrity protections are enabled,All,Preventive,Ensure the server only boots trusted firmware and operating system components.,Bootkits and firmware implants survive reinstallation and evade operating-system security tools.,"Bootkits, firmware implants, boot from unauthorised media.","Are Secure Boot, a UEFI/BIOS administrator password, TPM-backed measured boot and restricted boot order enabled on physical and virtual servers where supported?",4,"Windows: `Confirm-SecureBootUEFI`, `Get-Tpm`, and msinfo32 (BIOS Mode UEFI, Secure Boot State On).
Linux: `mokutil --sb-state`, `ls /sys/firmware/efi`, and `tpm2_pcrread` where tpm2-tools is installed.
Hyper-V guests: `Get-VMFirmware -VMName <vm> | select SecureBoot`. List legacy-BIOS machines as exceptions.",Configuration Review; Technical Validation; Automated Validation,Medium,Defender for Endpoint or Intune device health attestation; osquery secureboot table; Redfish BIOS attributes.,2,4,8,2,Legacy BIOS boot with no firmware protection.,"Secure Boot and firmware password on most servers, exceptions documented.",Measured boot with remote attestation and firmware settings monitored for change.,"Convert to UEFI, enable Secure Boot and TPM, set firmware passwords, and restrict boot devices.","CIS Benchmarks (Windows Server, RHEL, Ubuntu); Microsoft Security Baselines; DISA STIGs; NIST SP 800-123; NIST SP 800-70",A.8.9,"PR.PS-01, PR.DS-06",4.1,CC6.8,PS:T1542 | DE:T1014,Persistence; Defense Evasion,Device; Infrastructure,"4.1, 4.7",05_srv_part1.yaml
SRV-CFG-06,SRV,Server Security,CFG,Secure Configuration and Change,Server configuration changes follow documented change control,All,Preventive,"Ensure changes are assessed, approved, tested and traceable.","Uncontrolled change causes outages and security regressions, and obscures malicious modification.","Unauthorised or untested changes, concealed malicious changes.","Is there a documented change process for server configuration (request, risk review, approval, test, rollback, post-change review) and is it followed?",5,"Sample 10 recent system changes from the configuration repository or logs and trace each to an approved ticket (target 90% match or better).
Windows: `Get-WinEvent -FilterHashtable @{LogName='Security';Id=4719}` (audit policy changes). Linux: `ausearch -k config_change`, `dnf history` or `/var/log/dpkg.log`.
Review emergency changes for after-the-fact approval.",Document Review; Interview; Technical Validation,Medium,ITSM-to-CMDB reconciliation; Ansible Tower/AWX job logs; mandatory ticket reference in Git commits.,3,3,9,2,Changes made ad hoc by administrators.,Documented process with approval and testing; sampled evidence of compliance.,"Pipeline-enforced change with automatic ticket linkage, metrics, and unauthorised-change alerting.","Implement a change process with risk-based approval, rollback plans and automated reconciliation of detected changes to tickets.","CIS Benchmarks (Windows Server, RHEL, Ubuntu); Microsoft Security Baselines; DISA STIGs; NIST SP 800-123; NIST SP 800-70","A.8.32, A.8.9",PR.PS-01,4.1,CC8.1,PS:T1543 | DE:T1562,Persistence; Defense Evasion,Infrastructure,4.2,05_srv_part1.yaml
SRV-CFG-07,SRV,Server Security,CFG,Secure Configuration and Change,Only authorised software can execute or be installed on servers,All,Preventive,Prevent execution of unapproved binaries and scripts.,Application allow-listing blocks the majority of commodity malware and living-off-the-land tooling.,"Ransomware and malware execution, attacker tooling, unauthorised software.","Is application allow-listing or equivalent execution control enforced on servers, and is software installation restricted to approved administrators and sources?",4,"Windows: `Get-AppLockerPolicy -Effective -Xml` and `Get-CimInstance -ClassName Win32_DeviceGuard -Namespace root\Microsoft\Windows\DeviceGuard` (code integrity enforcement status).
Linux: `systemctl status fapolicyd`, `getenforce` or `aa-status`.
Compare the software inventory with the approved list and confirm policies are in enforce mode, not audit.",Configuration Review; Technical Validation; Automated Validation,Medium,Intune or GPO policy export; osquery programs table; EDR application control reports.,3,4,12,2,Any software can be installed or run.,"Allow-listing enforced for critical servers, installs restricted.",Enforced allow-listing on all servers with managed exception workflow and violation alerting.,"Deploy WDAC/AppLocker or fapolicyd in audit mode, tune, then enforce; restrict installation rights.","CIS Benchmarks (Windows Server, RHEL, Ubuntu); Microsoft Security Baselines; DISA STIGs; NIST SP 800-123; NIST SP 800-70","A.8.19, A.8.7",PR.PS-05,"2.3, 2.5",CC6.8,EX:T1059 | DE:T1574 | IM:T1486,Execution; Defense Evasion; Impact,Application; Infrastructure,New,05_srv_part1.yaml
SRV-PAT-01,SRV,Server Security,PAT,Patch and Lifecycle Management,A documented patch management process with risk-based timelines exists,All,Preventive,"Ensure operating systems, applications and firmware are patched within defined timeframes.",Known unpatched vulnerabilities remain the most common route to server compromise and ransomware.,Exploitation of known vulnerabilities.,"Is there a documented patch process defining roles, schedules, severity-based timelines, testing, exceptions and coverage of OS, applications and firmware?",5,"Review the policy for timelines by severity and exploitation status, and for coverage of third-party applications, firmware and hypervisors.
Sample the last two patch cycles: scope versus asset inventory, approvals, test evidence and deployment rate.
Confirm where the process is documented and who owns it.",Document Review; Interview; Technical Validation,High,"WSUS, Intune, Update Manager or Red Hat Satellite compliance exports via API.",4,5,20,3,Patching is ad hoc and left to individual administrators.,"Documented process and calendar, timelines defined, most servers patched in time.","Automated patching with measured timelines, exception governance and threat-led acceleration.","Define severity and exploitability-based patch timelines, assign ownership, and automate deployment with compliance reporting.",NIST SP 800-40 Rev.4; CISA Known Exploited Vulnerabilities catalog; vendor lifecycle and support policies,"A.8.8, A.5.37","ID.RA-01, PR.PS-02","7.3, 7.4",CC7.1,IA:T1190 | PE:T1068 | IM:T1486,Initial Access; Privilege Escalation; Impact,Infrastructure,"2.1, 2.3, 2.4",05_srv_part1.yaml
SRV-PAT-02,SRV,Server Security,PAT,Patch and Lifecycle Management,Patch currency is verified per server and installation failures are resolved,All,Detective,Know the real patch level of each server and detect failed or pending installations.,Reported patch compliance often overstates reality when failures and pending reboots go unnoticed.,Unpatched systems believed to be compliant.,"Can the organisation show the current patch level per server, and are failed or pending installations detected and resolved?",4,"Windows: `Get-HotFix | sort InstalledOn -Descending | select -First 10`; pending reboot via registry key `HKLM:\SOFTWARE\Microsoft\Windows\CurrentVersion\Component Based Servicing\RebootPending`.
Linux: `apt list --upgradable` or `dnf updateinfo list security`; `needs-restarting -r` or `/var/run/reboot-required`.
Compare results with the console report and timelines; sample failed installs against tickets.",Configuration Review; Technical Validation; Automated Validation,High,"Patch console exports, Defender TVM, Nessus credentialed patch audit plugins.",4,4,16,3,Patch level is unknown outside manual checks.,Per-server patch inventory with failure monitoring.,"Automated reconciliation of console data and scanner results, failures auto-ticketed.","Reconcile patch tooling reports against credentialed scans, auto-ticket failures, and track pending reboots.",NIST SP 800-40 Rev.4; CISA Known Exploited Vulnerabilities catalog; vendor lifecycle and support policies,A.8.8,"ID.RA-01, PR.PS-02","7.3, 7.4, 7.7",CC7.1,IA:T1190 | PE:T1068,Initial Access; Privilege Escalation,Infrastructure,"2.5, 2.6",05_srv_part1.yaml
SRV-PAT-03,SRV,Server Security,PAT,Patch and Lifecycle Management,Unsupported and end-of-life systems are governed through approved exceptions,All,Preventive,Prevent unsupported platforms from running without compensating controls and a retirement plan.,End-of-life systems receive no security fixes and are routinely used for initial access and lateral movement.,Unpatchable vulnerabilities in end-of-life operating systems and applications.,"Are operating systems and applications beyond vendor support identified and either removed, isolated, or covered by a time-bound, risk-accepted exception with compensating controls?",4,"Windows: `Get-CimInstance Win32_OperatingSystem | select Caption,Version`. Linux: `cat /etc/os-release`.
Compare every server against the vendor lifecycle (vendor pages or endoflife.date), for example Windows Server 2012 R2 or CentOS 7.
For each end-of-life host, verify an approved exception, an expiry date, and isolation or monitoring as compensating controls.",Document Review; Technical Validation; Automated Validation,High,"CMDB lifecycle fields plus scanner ""unsupported operating system"" findings.",4,5,20,3,Unsupported systems are unknown or unmanaged.,"Inventory of end-of-life systems with approved, dated exceptions.","Lifecycle-driven roadmap, no unmanaged end-of-life systems, automatic alerts ahead of support end.","Inventory support dates, migrate or isolate end-of-life hosts, and require time-bound exceptions signed by the risk owner.",NIST SP 800-40 Rev.4; CISA Known Exploited Vulnerabilities catalog; vendor lifecycle and support policies,"A.8.8, A.5.9","ID.AM-08, PR.PS-02",2.2,CC7.1,IA:T1190 | PE:T1068 | LM:T1021,Initial Access; Privilege Escalation; Lateral Movement,Infrastructure,2.2,05_srv_part1.yaml
SRV-PAT-04,SRV,Server Security,PAT,Patch and Lifecycle Management,Emergency patching exists for actively exploited and critical vulnerabilities,All,Corrective,Compress time-to-remediate for vulnerabilities with known exploitation.,Exploits are often weaponised within days of disclosure; routine cycles are too slow for these cases.,Rapid exploitation of newly disclosed vulnerabilities.,"Is there a tested fast-track process for actively exploited or critical vulnerabilities (including CISA KEV entries), with timelines that are measured and met?",4,"Select 3 recent KEV or critical CVEs affecting the estate and measure disclosure-to-remediation time per server.
Compare with the target. The source checklist required remediation of CVSS 7 or higher within one business day; this framework recommends risk-based targets (for example internet-facing KEV within 72 hours).
Verify mitigations for systems that cannot be patched immediately.",Document Review; Interview; Technical Validation,Medium,KEV feed correlated with scanner or Defender TVM asset data.,4,5,20,3,No emergency process; critical patches wait for the monthly cycle.,Defined fast-track with owners; usually met for internet-facing systems.,"Threat-intel triggered automation with measured, consistently met targets.","Subscribe to KEV and vendor advisories, define emergency timelines by exposure, and rehearse the process.",NIST SP 800-40 Rev.4; CISA Known Exploited Vulnerabilities catalog; vendor lifecycle and support policies,"A.8.8, A.5.7","ID.RA-01, ID.RA-02",7.7,CC7.1,IA:T1190 | EX:T1059 | IM:T1486,Initial Access; Execution; Impact,Infrastructure,5.6,05_srv_part1.yaml
SRV-PAT-05,SRV,Server Security,PAT,Patch and Lifecycle Management,Firmware and hypervisor layers are inventoried and patched,All,Preventive,"Keep BIOS/UEFI, BMC, controller, NIC firmware and hypervisor builds current.",Firmware and hypervisor flaws affect every workload above them and are often missed by OS patching.,"Firmware implants, hypervisor escape and ESXi-targeting ransomware exploits.",Are firmware and hypervisor versions inventoried and patched on a managed cadence?,3,"VMware: `Get-VMHost | select Name,Version,Build` (PowerCLI). Hyper-V: `Get-ComputerInfo`. Proxmox: `pveversion -v`.
Redfish: `curl -k -u <user> https://<bmc>/redfish/v1/UpdateService/FirmwareInventory`.
Compare against current vendor security advisories and note hosts behind the supported builds.",Configuration Review; Technical Validation; Automated Validation,Medium,Redfish and vendor management APIs; PowerCLI scheduled reports.,3,5,15,2,Firmware is never updated after installation.,Annual firmware cycle and tracked hypervisor patching.,Continuous firmware compliance reporting and risk-based expedited updates.,"Inventory firmware and hypervisor versions, subscribe to vendor advisories, and schedule updates with maintenance windows.",NIST SP 800-40 Rev.4; CISA Known Exploited Vulnerabilities catalog; vendor lifecycle and support policies,"A.8.8, A.7.13","PR.PS-02, PR.PS-03",7.3,CC7.1,PS:T1542.001 | PE:T1068,Persistence; Privilege Escalation,Infrastructure,New,05_srv_part1.yaml
SRV-LOG-01,SRV,Server Security,LOG,Logging and Time Synchronization,Security-relevant events are logged on every server,All,Detective,Generate the audit trail needed to detect and investigate compromise.,"Without logs, intrusions cannot be detected, scoped or proven, and regulatory obligations cannot be met.",Undetected compromise and loss of forensic evidence.,"Are authentication, privilege use, account and group changes, access-control changes, scheduled job and service creation, and system integrity events logged with timestamps?",4,"Windows: `auditpol /get /category:*`; `Get-WinEvent -ListLog Security | select LogName,MaximumSizeInBytes`; confirm events 4624, 4625, 4672, 4720, 4728, 4732, 4697, 4698 and 7045 occur; check PowerShell script block logging at `HKLM\SOFTWARE\Policies\Microsoft\Windows\PowerShell\ScriptBlockLogging`.
Linux: `systemctl is-active auditd`, `auditctl -l` (look for rules on /etc/passwd, /etc/shadow, sudoers and execve), `last -n 20`.",Configuration Review; Technical Validation; Automated Validation,High,GPO and auditd configuration exports; Ansible audit role; osquery event tables.,4,4,16,3,Default logging only.,Defined audit policy applied consistently with timestamps and critical events covered.,Threat-informed audit policy (including command-line and script logging) validated by detection tests.,"Enable advanced audit policy, auditd rules and PowerShell logging aligned to a documented logging standard.",NIST SP 800-92; CIS Control 8; Microsoft Windows auditing guidance; CISA/ASD logging best-practice guidance,"A.8.15, A.8.16","PR.PS-04, DE.CM-09","8.2, 8.5",CC7.2,"DE:T1562.002, T1070.001",Defense Evasion,Infrastructure,"3.1, 3.5",05_srv_part1.yaml
SRV-LOG-02,SRV,Server Security,LOG,Logging and Time Synchronization,Logs are forwarded in near real time to a central tamper-resistant store,All,Detective,Preserve evidence off-host and detect log tampering or forwarding failure.,Attackers routinely clear local logs; central storage preserves evidence and enables correlation.,"Log clearing, loss of evidence, single point of failure on the host.","Are logs forwarded in near real time to a central, access-restricted platform, with alerts when forwarding stops or logs are cleared?",3,"Windows: `wecutil gs <subscription>` or check the agent service. Linux: `grep -R ""omfwd"" /etc/rsyslog.conf /etc/rsyslog.d/`.
In the SIEM, verify last-event time per server (stale beyond 15 minutes is a gap).
Generate benign test events: `logger -p auth.notice ""SAOS-test""` and `eventcreate /T INFORMATION /ID 999 /L APPLICATION /SO SAOS /D ""test""`, then confirm arrival.
Confirm an alert exists for Security log cleared (event 1102).",Configuration Review; Technical Validation; Automated Validation,High,SIEM API for last-seen per source; synthetic heartbeat events.,4,5,20,3,Logs remain only on local servers.,Central collection for most servers with documented coverage.,"Complete coverage with write-once storage, heartbeat monitoring and log-clear alerts.","Deploy forwarders to all servers, send to a restricted SIEM or log store, and alert on silent sources and log clearing.",NIST SP 800-92; CIS Control 8; Microsoft Windows auditing guidance; CISA/ASD logging best-practice guidance,"A.8.15, A.8.16","PR.PS-04, DE.CM-09, DE.AE-02","8.9, 13.1",CC7.2,"DE:T1070.001, T1070.002, T1562.002",Defense Evasion,Infrastructure,3.7,05_srv_part1.yaml
SRV-LOG-03,SRV,Server Security,LOG,Logging and Time Synchronization,Log retention satisfies investigation and regulatory needs,All,Detective,Keep logs long enough to investigate incidents that are discovered late.,Intrusions are often found weeks after initial access; short retention destroys the evidence needed to scope them.,Loss of forensic evidence when local logs roll over.,"Is log retention (online and archive) defined to meet investigation and regulatory requirements, and are local log sizes sufficient to prevent early overwrite?",4,"Windows: `wevtutil gl Security` (maxSize and retention). Linux: `journalctl --disk-usage` and `grep -E 'max_log_file|num_logs' /etc/audit/auditd.conf`.
Confirm the SIEM can return events older than the required window. The source checklist required at least 2 weeks locally; this framework recommends at least 90 days online and 12 months archived, subject to regulation.",Document Review; Configuration Review; Technical Validation,High,SIEM retention API; scripted check of oldest available event per source.,3,3,9,2,Logs overwrite quickly with no retention requirement.,Retention defined and configured to policy.,"Tiered retention aligned to regulation and threat profile, validated by periodic retrieval tests.","Set minimum retention (online and archive) by data class and regulation, and size local logs to cover forwarding outages.",NIST SP 800-92; CIS Control 8; Microsoft Windows auditing guidance; CISA/ASD logging best-practice guidance,"A.8.15, A.5.33",PR.PS-04,"8.3, 8.10",CC7.2,DE:T1070.001,Defense Evasion,Infrastructure,3.5,05_srv_part1.yaml
SRV-LOG-04,SRV,Server Security,LOG,Logging and Time Synchronization,Sensitive data is excluded from logs and log files are protected,All,Preventive,Prevent logs from becoming a store of credentials or personal data.,Credentials and personal data in logs create breach exposure and privacy compliance failures.,Credential exposure through logs and privacy breaches.,"Is logging configured to exclude passwords, secrets, tokens and sensitive personal data, and are log files access-restricted?",4,"Windows: review process command-line auditing (event 4688) and PowerShell transcripts for secrets.
Linux: `grep -riE ""password=|passwd|secret|token"" /var/log 2>/dev/null | head` and `ls -l /var/log`.
With authorisation, run `gitleaks detect --no-git -s /var/log` or `trufflehog filesystem /var/log`.",Configuration Review; Technical Validation; Automated Validation,Medium,Secret scanners against log stores; SIEM masking and data-loss rules.,3,4,12,2,Logs contain secrets and are world-readable.,Logging standard prohibits sensitive data and permissions are restricted.,Automated secret scanning of logs with masking at source.,"Mask sensitive fields at source, restrict log permissions, and scan log stores for secrets.",NIST SP 800-92; CIS Control 8; Microsoft Windows auditing guidance; CISA/ASD logging best-practice guidance,"A.8.15, A.5.34","PR.DS-01, PR.PS-04",3.3,CC6.1,CA:T1552.001,Credential Access,Data,3.6,05_srv_part1.yaml
SRV-LOG-05,SRV,Server Security,LOG,Logging and Time Synchronization,Log monitoring and alert triage run on a defined schedule and are reviewed for effectiveness,All,Detective,Ensure collected logs are actually examined and that monitoring quality is measured.,Logs that are never reviewed give a false sense of assurance.,Missed intrusions despite available evidence.,"Is there a documented, scheduled monitoring and triage process with defined detection use cases, ownership, and an effectiveness review at least monthly?",5,"Review the procedure and schedule and sample 3 months of review evidence.
Select 5 use cases (new local administrator, service creation, failed-logon spike, audit log cleared, new SSH key) and trigger benign test events.
Verify alerts fire, are triaged and result in tickets within the target time.",Document Review; Interview; Technical Validation,Medium,SIEM detection rules as code; purple-team or Atomic Red Team test execution.,3,4,12,3,No defined monitoring; logs reviewed only after incidents.,Documented schedule and use cases with evidence of triage.,Measured detection coverage against ATT&CK with regular testing and tuning.,"Define server detection use cases, assign monitoring ownership, and review detection performance monthly.",NIST SP 800-92; CIS Control 8; Microsoft Windows auditing guidance; CISA/ASD logging best-practice guidance,"A.8.15, A.8.16","DE.CM-09, DE.AE-02, DE.AE-03","8.11, 13.1","CC7.2, CC7.3","DE:T1070, T1562",Defense Evasion,Infrastructure,"3.2, 3.3, 3.4",05_srv_part1.yaml
SRV-LOG-06,SRV,Server Security,LOG,Logging and Time Synchronization,Servers use authoritative time and name-resolution sources,All,Preventive,"Ensure consistent time for log correlation and authentication, and trustworthy name resolution.",Inconsistent time breaks forensic timelines and Kerberos; untrusted DNS enables redirection attacks.,"Log correlation failure, authentication failures, DNS spoofing.","Do all servers synchronise time from authoritative, resilient sources and use authorised DNS resolvers?",4,"Windows: `w32tm /query /status`, `w32tm /query /source`, `Get-DnsClientServerAddress` (domain members should follow the domain hierarchy; the PDC emulator syncs to a reliable external source).
Linux: `chronyc sources -v`, `timedatectl show`, `resolvectl status` or `cat /etc/resolv.conf`.
Confirm clock offset is well under one second and resolvers are the approved internal servers.",Configuration Review; Technical Validation; Automated Validation,High,Fleet-wide chrony/w32tm offset reports; DNS configuration compliance checks.,2,3,6,2,Clocks drift and resolvers are set arbitrarily.,Authoritative time and DNS sources defined and configured.,Redundant authenticated time sources with offset monitoring and alerts.,Standardise time sources and resolvers in the build baseline and monitor clock offset.,NIST SP 800-92; CIS Control 8; Microsoft Windows auditing guidance; CISA/ASD logging best-practice guidance,A.8.17,PR.PS-04,"4.9, 8.4",CC7.2,CA:T1557,Credential Access,Infrastructure; Network,12.2,05_srv_part1.yaml
SRV-HST-01,SRV,Server Security,HST,Host Protection,"Anti-malware or EDR is deployed, current and tamper-protected on servers",All,Preventive,Detect and block malicious code and behaviour on servers.,Servers are prime ransomware targets; endpoint protection is a baseline expectation of insurers and regulators.,"Malware and ransomware execution, defence tampering.","Is anti-malware or EDR installed on all servers with real-time protection, current signatures and engine, tamper protection, and monitored alerts?",4,"Windows: `Get-MpComputerStatus | select AMServiceEnabled,RealTimeProtectionEnabled,AntivirusSignatureLastUpdated,IsTamperProtected` and `Get-MpPreference | select ExclusionPath,ExclusionProcess`.
Linux: `mdatp health` for Defender, or the vendor equivalent.
Compare EDR-reported hosts with the inventory and review exclusions for breadth and approval.",Configuration Review; Technical Validation; Automated Validation,High,EDR console API coverage report; Defender for Endpoint device inventory.,3,5,15,3,Protection absent or unmanaged on many servers.,Deployed on all servers with updates and central alerting.,Tamper-protected EDR on all servers with reviewed exclusions and response playbooks.,"Deploy EDR to every server, enable tamper protection, and review exclusions quarterly.",CIS Controls 10 and 13; Microsoft Defender documentation; vendor EDR hardening guides,A.8.7,"DE.CM-09, PR.PS-05","10.1, 10.2, 10.7",CC6.8,EX:T1059 | DE:T1562.001 | IM:T1486,Execution; Defense Evasion; Impact,Device; Infrastructure,4.4,05_srv_part1.yaml
SRV-HST-02,SRV,Server Security,HST,Host Protection,A host firewall enforces default-deny inbound rules,All,Preventive,Limit network access to each server to required services and sources.,Host firewalls contain lateral movement when perimeter and segmentation controls fail.,Lateral movement and service exposure.,Is a host firewall enabled in default-deny inbound mode with rules limited to required services and management sources?,4,"Windows: `Get-NetFirewallProfile | select Name,Enabled,DefaultInboundAction` and `Get-NetFirewallRule -Enabled True -Direction Inbound -Action Allow | select DisplayName,Profile`.
Linux: `firewall-cmd --list-all`, `nft list ruleset`, `ufw status verbose` or `iptables -S`.
Confirm the default inbound policy is block or drop and that rules restrict source addresses.",Configuration Review; Technical Validation; Automated Validation,High,"GPO, Intune or Ansible firewall policy export; OpenSCAP firewall rules.",3,4,12,3,Host firewall disabled.,Enabled with default-deny and role-based rules.,Source-restricted rules managed as code with periodic review and drift alerts.,Enable the host firewall in default-deny mode and scope rules to required ports and sources.,CIS Controls 10 and 13; Microsoft Defender documentation; vendor EDR hardening guides,"A.8.20, A.8.9",PR.IR-01,4.4,CC6.6,LM:T1021 | DI:T1046 | DE:T1562.004,Lateral Movement; Discovery; Defense Evasion,Network; Infrastructure,4.5,05_srv_part1.yaml
SRV-HST-03,SRV,Server Security,HST,Host Protection,Host intrusion prevention and exploit mitigations are enabled,All,Preventive,Block exploitation techniques and malicious behaviour at the host.,Prevention-mode controls on authentication servers protect the systems that hold the keys to the whole estate.,Memory-corruption exploitation and post-exploitation behaviour.,"Are host intrusion prevention and OS exploit mitigations enabled, and mandatory in prevention mode on authentication servers (domain controllers, identity providers, RADIUS, PAM)?",3,"Windows: `Get-ProcessMitigation -System` and `Get-MpPreference | select -ExpandProperty AttackSurfaceReductionRules_Ids`.
Linux: `sestatus` or `aa-status`, and `sysctl kernel.randomize_va_space kernel.kptr_restrict`.
Confirm authentication servers run in prevention mode, not detect-only.",Configuration Review; Technical Validation; Automated Validation,Medium,Defender ASR rule reporting; EDR policy export; OpenSCAP kernel hardening checks.,3,4,12,2,No host prevention capability.,Prevention enabled on critical and authentication servers.,Tuned prevention on all servers with measured block events and regular tests.,"Enable exploit mitigations and ASR rules, and enforce prevention mode on authentication servers.",CIS Controls 10 and 13; Microsoft Defender documentation; vendor EDR hardening guides,"A.8.7, A.8.9","PR.PS-05, DE.CM-09","10.5, 13.7","CC6.8, CC7.2",PE:T1068 | EX:T1059,Privilege Escalation; Execution,Infrastructure,4.6,05_srv_part1.yaml
SRV-HST-04,SRV,Server Security,HST,Host Protection,File and configuration integrity monitoring covers critical system paths,All,Detective,"Detect unauthorised changes to system binaries, configuration and sensitive files.","Integrity monitoring detects web shells, rootkits and persistence that signature tools miss.","Web shells, binary tampering, rootkits, persistence mechanisms.","Is file and configuration integrity monitoring in place for critical system files, binaries, configuration and registry paths, with alerting on unauthorised change?",4,"Linux: `aide --check` or `tripwire --check`; confirm the AIDE database is stored read-only or off-host.
Windows: Defender for Endpoint, Wazuh or Tripwire FIM; Sysmon events 11, 12 and 13 for file and registry activity.
Make a controlled benign change to a monitored test file and confirm an alert is raised.",Technical Validation; Automated Validation,Medium,"Wazuh, AIDE, Tripwire or EDR FIM with SIEM alerting.",3,4,12,2,No integrity monitoring.,FIM on critical servers and paths with alerts.,Comprehensive FIM with change-ticket correlation and automated triage.,"Deploy FIM on critical paths, protect baselines off-host, and correlate alerts with approved changes.",CIS Controls 10 and 13; Microsoft Defender documentation; vendor EDR hardening guides,"A.8.16, A.8.9","PR.DS-06, DE.CM-09",4.1,CC7.1,"PS:T1505, T1547 | DE:T1014",Persistence; Defense Evasion,Infrastructure,4.7,05_srv_part1.yaml
SRV-VUL-01,SRV,Server Security,VUL,Vulnerability Assessment,Servers are hardened and vulnerability-assessed before entering production,All,Preventive,Ensure no server goes live with known exploitable weaknesses or without a retained security baseline.,"Fixing issues before go-live is far cheaper than after exposure, and the baseline report supports later audits and investigations.",Insecure systems exposed at go-live.,"Is every new or rebuilt server configuration-reviewed and vulnerability-scanned before production, and are the baseline reports retained?",4,"Sample 5 servers deployed in the last 12 months and locate the pre-production scan report, the open findings by severity at go-live, and the approval of any residual risk.
For automated builds, confirm a scan gate exists in the pipeline.
Verify reports are retained and retrievable.",Document Review; Technical Validation,High,"Pipeline gate calling a scanner API (Nessus, Qualys, Defender TVM, OpenVAS).",3,4,12,2,Servers go live without assessment.,Pre-production checklist and scan completed with sign-off and retained reports.,Automated pipeline gates block deployment on policy failure with exception workflow.,Add a mandatory pre-production hardening and scanning gate with documented sign-off and report retention.,NIST SP 800-115; NIST SP 800-40 Rev.4; CVSS specification (FIRST); EPSS; CISA KEV catalog,"A.8.29, A.8.8, A.8.9","ID.RA-01, PR.PS-01","4.1, 7.5","CC7.1, CC8.1",IA:T1190,Initial Access,Infrastructure,"5.1, 5.5",05_srv_part2.yaml
SRV-VUL-02,SRV,Server Security,VUL,Vulnerability Assessment,Servers receive recurring credentialed vulnerability scans,All,Detective,Continuously identify missing patches and misconfigurations across all servers.,Unauthenticated scans miss most local vulnerabilities; coverage gaps leave unknown risk.,Unknown vulnerabilities and false negatives from unauthenticated scanning.,"Are all servers scanned with credentialed scans at a defined frequency (at least monthly, weekly for internet-facing), and are coverage gaps tracked?",5,"Export the scanner asset list and compare with the inventory (target coverage of 95% or better).
Check the authentication success rate per scan and the last-scanned date per server.
Confirm internet-facing assets are also scanned externally from an authorised host (`nmap -sV <public-ip>`).",Document Review; Technical Validation; Automated Validation,High,Scanner API coverage reports reconciled to CMDB.,4,4,16,3,No regular scanning.,Scheduled credentialed scans with tracked coverage.,Continuous assessment (agent-based) with near-complete coverage and exposure-aware prioritisation.,"Schedule credentialed scans for all servers, fix authentication failures, and scan internet-facing assets externally.",NIST SP 800-115; NIST SP 800-40 Rev.4; CVSS specification (FIRST); EPSS; CISA KEV catalog,A.8.8,ID.RA-01,"7.5, 7.6",CC7.1,IA:T1190 | DI:T1046,Initial Access; Discovery,Infrastructure,5.2,05_srv_part2.yaml
SRV-VUL-03,SRV,Server Security,VUL,Vulnerability Assessment,Vulnerability scanning is formally authorised and scanning tools are governed,All,Preventive,"Ensure scanning is permitted, unobstructed and performed only by approved people and tools.","Blocked scanners create blind spots, while unmanaged scanners and their credentials are an attack path.","Blind spots from blocked scanners, rogue scanning, scanner credential abuse.","Is scanning formally authorised, are approved scanners excluded from blocking without blanket whitelisting, and are only approved tools and operators used?",5,"Review the authorisation and approved-tool list.
Confirm scanner IPs and service accounts are inventoried, least-privilege, vaulted and monitored, and that scanner subnets are not permanently exempt across the detection stack.
Hunt in the EDR for scanning tools (nmap, nessus) running outside approved hosts.",Document Review; Interview; Configuration Review,Low,EDR hunting query for unapproved scanner binaries.,2,3,6,1,Scanning occurs ad hoc with no approval or governance.,Authorised scanning with approved tools and operators.,Vaulted scanner credentials with monitored use and annual authorisation review.,"Document scanning authorisation, vault scanner credentials, and review exemptions in security tooling.",NIST SP 800-115; NIST SP 800-40 Rev.4; CVSS specification (FIRST); EPSS; CISA KEV catalog,"A.8.8, A.8.34",ID.RA-01,7.5,CC7.1,CA:T1552 | DI:T1046,Credential Access; Discovery,Infrastructure,"5.3, 5.4, 5.7",05_srv_part2.yaml
SRV-VUL-04,SRV,Server Security,VUL,Vulnerability Assessment,"Vulnerabilities are prioritised by risk, remediated within timelines and verified by rescan",All,Corrective,Reduce exploitable exposure through risk-based prioritisation and closed-loop remediation.,"CVSS alone misprioritises; combining exploitability, exposure and asset criticality focuses effort where breach likelihood is highest.",Backlog of exploitable issues and false closure of findings.,"Are vulnerabilities prioritised using severity, exploitability (CVSS, EPSS, KEV), asset criticality and exposure, with timelines enforced, exceptions approved and fixes verified by rescan?",5,"Export open vulnerabilities and calculate the percentage within timeline by severity.
Sample 10 closed items for rescan evidence and 5 exceptions for approval, compensating controls and expiry.
Where no CVSS exists, confirm the vulnerability is assessed for remote exploitability.",Document Review; Technical Validation; Automated Validation,High,Scanner and ticketing integration; KEV and EPSS enrichment.,4,4,16,3,Vulnerabilities are listed but not tracked to closure.,"Defined timelines, tracked remediation and approved exceptions.","Risk-based prioritisation using threat data with measured, consistently met timelines and verified closure.","Adopt risk-based timelines, enrich findings with KEV and EPSS, and require rescan validation before closure.",NIST SP 800-115; NIST SP 800-40 Rev.4; CVSS specification (FIRST); EPSS; CISA KEV catalog,A.8.8,"ID.RA-05, ID.RA-06","7.1, 7.2, 7.7","CC7.1, CC3.2",IA:T1190 | PE:T1068,Initial Access; Privilege Escalation,Infrastructure,5.6,05_srv_part2.yaml
SRV-NET-01,SRV,Server Security,NET,Network Placement and Exposure,Servers are placed in segmented zones with documented and minimised network exposure,All,Preventive,Restrict network reachability of servers to required flows and prevent unintended exposure.,Flat networks turn a single compromised host into an enterprise-wide incident.,Lateral movement across flat networks and internet exposure of management or database ports.,"Are servers placed in zones appropriate to function and data sensitivity, with traffic limited to documented flows, no unintended internet exposure, and safeguards for specialised or shared computing (HPC, grid) environments?",6,"Compare the server inventory with VLAN and zone assignment.
Run an authorised external scan (`nmap -Pn -sV -p- <public-ranges>`) and compare to documented exposure.
From a user VLAN test reachability to admin ports (`Test-NetConnection <ip> -Port 3389` or `nc -vz <ip> 22`; also 445, 5985, 5986).
Review firewall rules for any-any and unused entries, and confirm HPC or grid workloads have documented safeguards.",Document Review; Configuration Review; Technical Validation; Penetration Validation,Medium,"Firewall rule analysis tools (Tufin, AlgoSec, FireMon) or exported configuration parsing; external attack-surface management.",3,5,15,3,Flat network with servers and users together.,Defined server zones with documented flows and firewall control.,"Micro-segmentation, continuous exposure monitoring and validated segmentation tests.","Segment server zones, document flows, remove unused rules, and monitor external exposure continuously.",NIST SP 800-41 Rev.1; NIST SP 800-207; CIS Control 12,"A.8.20, A.8.21, A.8.22","PR.IR-01, ID.AM-03","4.4, 12.2, 13.4",CC6.6,"IA:T1190, T1133 | LM:T1021 | DI:T1046",Initial Access; Lateral Movement; Discovery,Network; Infrastructure,"1.3, 13.1",05_srv_part2.yaml
SRV-IAM-01,SRV,Server Security,IAM,Authentication and Access Control,"Default accounts and credentials are changed, renamed or disabled",All,Preventive,"Eliminate publicly known credentials on operating systems, applications and appliances.",Default credentials are trivially guessed and are tested first in nearly every attack.,Credential guessing with documented vendor defaults.,"Have all manufacturer and default accounts and passwords been changed, renamed or disabled on operating systems, applications, databases, BMCs and appliances?",4,"Windows: `Get-LocalUser | select Name,Enabled,PasswordLastSet`; confirm the built-in Administrator is renamed, disabled or LAPS-managed and Guest is disabled.
Linux: `awk -F: '($2==""""){print $1}' /etc/shadow` and `getent passwd | awk -F: '$3==0{print $1}'`; check default application accounts (tomcat, admin, postgres, sa).
Run an authorised default-password scan (for example Nessus default-password plugins).",Configuration Review; Technical Validation; Automated Validation,High,Credentialed scanner default-password checks; Ansible account audit.,3,5,15,3,Default credentials remain on some systems.,Default accounts changed at build with a verified checklist.,Automated detection of default credentials with rotation to a vault.,"Change or disable default credentials during build, and scan for them regularly.",NIST SP 800-63B; NIST SP 800-53 Rev.5 AC and IA families; CIS Controls 5 and 6; Windows LAPS documentation,"A.5.17, A.8.9","PR.AA-01, PR.PS-01","4.7, 5.2",CC6.1,IA:T1078.001,Initial Access,Identity,6.2,05_srv_part2.yaml
SRV-IAM-02,SRV,Server Security,IAM,Authentication and Access Control,Strong authentication is enforced for all administrative and root access,All,Preventive,Protect administrative access with phishing-resistant or multi-factor authentication.,Stolen or guessed administrator passwords give full control of the server and often the domain.,"Password theft, brute force and reuse against privileged accounts.","Is MFA or equivalent strong authentication (smart card, FIDO2, key-based SSH with passphrase) enforced for every administrator and root-level access?",5,"Windows: confirm admin RDP and console logon occurs through a PAW or jump host with MFA (Conditional Access, smart card or Windows Hello for Business); `Get-ADUser -Filter {SmartcardLogonRequired -eq $true}` for smart-card-enforced admins.
Linux: `sshd -T | egrep ""passwordauthentication|permitrootlogin|pubkeyauthentication|authenticationmethods""` and `grep -E ""pam_google_authenticator|pam_duo"" /etc/pam.d/sshd`.
Compare the admin list with enforcement and attempt a password-only login (expect failure).",Configuration Review; Technical Validation; Automated Validation,High,Entra sign-in logs and Conditional Access reports; sshd -T compliance scan.,4,5,20,3,Passwords only for administrators.,MFA enforced for administrators with documented exceptions.,Phishing-resistant MFA everywhere with just-in-time elevation and no standing access.,"Enforce MFA via jump host or PAM, move SSH to keys or certificates, and remove password-only paths.",NIST SP 800-63B; NIST SP 800-53 Rev.5 AC and IA families; CIS Controls 5 and 6; Windows LAPS documentation,"A.8.5, A.8.2",PR.AA-03,6.5,CC6.1,"IA:T1078 | CA:T1110 | LM:T1021.001, T1021.004",Initial Access; Credential Access; Lateral Movement,Identity,6.3,05_srv_part2.yaml
SRV-IAM-03,SRV,Server Security,IAM,Authentication and Access Control,"Access to the server, applications and data follows least privilege",All,Preventive,"Restrict access to authorised, authenticated users with only the rights they need.",Excess privilege multiplies the damage of any single account compromise or insider misuse.,"Excess privilege enabling data theft, sabotage and privilege escalation.","Is access limited to authorised, authenticated users through role-based groups with least privilege, and without direct user permissions on resources?",4,"Windows: `Get-LocalGroupMember Administrators`, `Get-SmbShare | Get-SmbShareAccess`, `icacls <path>`; look for Everyone or Authenticated Users write access.
Linux: `getent group sudo wheel`, `find / -xdev -perm -0002 -type f 2>/dev/null | head`, `find / -xdev -perm -4000 -type f`.
Sample 10 users and compare their rights with job roles.",Configuration Review; Technical Validation; Automated Validation,High,AD and local group exports; access analytics tools; Ansible user audit.,4,4,16,3,Broad shared access with many administrators.,Role-based groups and documented access matrix.,"Just-in-time elevation, automated entitlement analytics and periodic recertification.","Move to role-based groups, remove direct and excessive permissions, and recertify access quarterly.",NIST SP 800-63B; NIST SP 800-53 Rev.5 AC and IA families; CIS Controls 5 and 6; Windows LAPS documentation,"A.5.15, A.5.18, A.8.2, A.8.3",PR.AA-05,"3.3, 5.4, 6.8","CC6.1, CC6.3","PE:T1078, T1548 | CO:T1005",Privilege Escalation; Collection,Identity; Data,6.4,05_srv_part2.yaml
SRV-IAM-04,SRV,Server Security,IAM,Authentication and Access Control,"Access is granted, changed and removed through a documented process with periodic review",All,Preventive,Keep access aligned with current role and eliminate orphaned accounts.,Leavers and movers retaining access are a major source of audit findings and insider breaches.,Orphaned and over-provisioned access.,"Is there a documented process to grant, change and remove server access (joiner, mover, leaver), with periodic recertification of privileged and sensitive access?",4,"Sample 10 leavers and 10 movers and verify revocation within the target time (for example 24 hours).
Compare the HR leaver list with server and AD accounts.
Windows: `Get-ADUser -Filter {Enabled -eq $true} -Properties LastLogonDate | where LastLogonDate -lt (Get-Date).AddDays(-90)`. Linux: `lastlog -b 90`.
Check the date and outcome of the last recertification.",Document Review; Interview; Technical Validation,High,HR-to-IAM leaver reconciliation; dormant account reports.,3,4,12,2,Access removed only when someone remembers.,Documented joiner/mover/leaver process with annual reviews.,HR-driven automated provisioning and revocation with quarterly privileged recertification.,"Automate leaver revocation, disable dormant accounts, and recertify privileged access at least quarterly.",NIST SP 800-63B; NIST SP 800-53 Rev.5 AC and IA families; CIS Controls 5 and 6; Windows LAPS documentation,"A.5.16, A.5.18","PR.AA-01, PR.AA-05","5.3, 6.1, 6.2","CC6.2, CC6.3",IA:T1078 | PS:T1136,Initial Access; Persistence,Identity,6.4,05_srv_part2.yaml
SRV-IAM-05,SRV,Server Security,IAM,Authentication and Access Control,"Generic, shared and guest interactive accounts are disabled",All,Preventive,Ensure every interactive session is attributable to one individual.,Shared accounts remove accountability and are hard to revoke when staff leave.,Loss of accountability and widely known shared credentials.,"Are generic, shared and guest accounts that permit interactive logon disabled, with any exception approved, attributable and logged (service accounts excluded)?",3,"Windows: `Get-LocalUser Guest`; review interactive logon events (4624 logon types 2 and 10) for non-personal accounts.
Linux: `getent passwd` for UID 1000 and above and `last` for shared names.
Verify exceptions use PAM checkout with session recording.",Configuration Review; Technical Validation,High,Account inventory scripts with naming convention checks.,3,4,12,2,Shared admin accounts are common.,"Shared accounts disabled apart from approved, logged exceptions.","No shared accounts; break-glass access vaulted, alerted and reviewed after use.",Replace shared accounts with named accounts and vault break-glass credentials.,NIST SP 800-63B; NIST SP 800-53 Rev.5 AC and IA families; CIS Controls 5 and 6; Windows LAPS documentation,"A.5.16, A.5.17",PR.AA-01,"5.1, 5.2",CC6.1,IA:T1078,Initial Access,Identity,6.4,05_srv_part2.yaml
SRV-IAM-06,SRV,Server Security,IAM,Authentication and Access Control,"Trust relationships are identified, justified and reviewed",All,Preventive,Know and control the implicit trust paths between systems and identities.,Unreviewed trusts allow an attacker to move from a low-value system to critical ones.,Lateral movement through unmonitored trust paths.,"Are all trust relationships (domain and forest trusts, SSH key trust, delegation, database links, service-to-service trust) identified, justified and reviewed?",5,"AD: `Get-ADTrust -Filter * | select Name,Direction,TrustType,SIDFilteringQuarantined` and `Get-ADComputer -Filter {TrustedForDelegation -eq $true}`.
Linux: `find /home /root -name authorized_keys`, `cat /etc/hosts.equiv ~/.rhosts 2>/dev/null`, and review `/etc/sudoers.d`.
Validate business justification, SID filtering and key ownership.",Document Review; Configuration Review; Technical Validation,Medium,AD trust and delegation reports; SSH key inventory scripts.,3,5,15,2,Trust relationships are unknown.,Trusts documented and reviewed annually.,Continuously monitored trust graph with automated alerts for new trusts and keys.,"Inventory trusts and delegation, remove unneeded ones, enable SID filtering, and review SSH keys.",NIST SP 800-63B; NIST SP 800-53 Rev.5 AC and IA families; CIS Controls 5 and 6; Windows LAPS documentation,"A.5.15, A.8.2, A.8.20","PR.AA-05, ID.AM-03",6.8,"CC6.1, CC6.3","IA:T1199 | LM:T1021, T1550",Initial Access; Lateral Movement,Identity; Network,6.1,05_srv_part2.yaml
SRV-IAM-07,SRV,Server Security,IAM,Authentication and Access Control,"Local administrator and root credentials are unique, rotated and vaulted",All,Preventive,Stop credential reuse of local privileged accounts across servers.,A shared local administrator password lets an attacker move across the whole estate from one stolen hash.,Pass-the-hash and credential reuse.,"Are local administrator and root credentials unique per server, automatically rotated and stored in a vault or LAPS, with access audited?",4,"Windows: `Get-LapsADPassword -Identity <server>` (Windows LAPS) or check legacy attributes with `Get-ADComputer -Filter * -Properties ms-Mcs-AdmPwdExpirationTime`.
Review who can read the password attribute (ACL review).
Linux: confirm root password rotation through a vault, or that direct root login is disabled.",Configuration Review; Technical Validation; Automated Validation,High,LAPS coverage report; PAM vault API.,4,5,20,3,The same local administrator password is used on many servers.,LAPS or vault deployed to most servers with controlled retrieval.,Full coverage with rotation after use and alerts on retrieval.,"Deploy Windows LAPS or a PAM vault, restrict who can read passwords, and disable direct root logon.",NIST SP 800-63B; NIST SP 800-53 Rev.5 AC and IA families; CIS Controls 5 and 6; Windows LAPS documentation,"A.8.2, A.5.17","PR.AA-01, PR.AA-05","5.2, 5.4","CC6.1, CC6.3",CA:T1003 | LM:T1550,Credential Access; Lateral Movement,Identity,New,05_srv_part2.yaml
SRV-IAM-08,SRV,Server Security,IAM,Authentication and Access Control,"Service accounts are inventoried, owned, least-privileged and protected",All,Preventive,Control non-human identities that run services and scheduled jobs.,"Service accounts are frequently over-privileged and never rotated, making them prime targets.","Kerberoasting, over-privileged service credentials, secret theft.","Are service accounts inventoried with owners, non-interactive, least-privileged, and using managed identities, gMSA or vaulted secrets with rotation?",5,"AD: `Get-ADServiceAccount -Filter *` and `Get-ADUser -Filter {ServicePrincipalName -like ""*""} -Properties PasswordLastSet,ServicePrincipalName`.
Windows services: `Get-CimInstance Win32_Service | select Name,StartName`.
Linux: review systemd units for `User=root`; `getent passwd | awk -F: '$7!~/nologin|false/'`.
Verify interactive logon rights are denied and membership of privileged groups is justified.",Configuration Review; Technical Validation; Automated Validation,High,AD service account reports; PAM discovery.,4,4,16,2,Service accounts are unknown and use shared passwords.,Register with owners and password rotation for critical accounts.,"Managed identities and gMSA throughout, with anomaly detection on service account use.","Inventory service accounts, move to gMSA or managed identities, rotate secrets, and deny interactive logon.",NIST SP 800-63B; NIST SP 800-53 Rev.5 AC and IA families; CIS Controls 5 and 6; Windows LAPS documentation,"A.5.16, A.5.18, A.8.2",PR.AA-01,"5.2, 5.5","CC6.1, CC6.2",CA:T1558.003 | PE:T1078,Credential Access; Privilege Escalation,Identity,New,05_srv_part2.yaml
SRV-IAM-09,SRV,Server Security,IAM,Authentication and Access Control,Root login and privilege escalation on Linux are restricted and logged,Linux,Preventive,Control how administrators gain root so that elevated actions are limited and attributable.,Unrestricted sudo or direct root login removes accountability and eases privilege escalation.,Privilege escalation through sudo misconfiguration and unaccountable root activity.,"Is direct root login restricted, and is sudo or PAM-based escalation limited to required commands, logged and free of NOPASSWD ALL rules?",4,"`sshd -T | grep permitrootlogin`, `grep -R ""NOPASSWD\|ALL=(ALL"" /etc/sudoers /etc/sudoers.d`, `visudo -c`.
Check sudo I/O logging with `grep -i ""log_input\|log_output"" /etc/sudoers*` and lockout with `grep pam_faillock /etc/pam.d/*`.
Windows analogue: `reg query HKLM\SOFTWARE\Microsoft\Windows\CurrentVersion\Policies\System /v EnableLUA`.",Configuration Review; Technical Validation; Automated Validation,High,OpenSCAP and Ansible audits of sudoers and sshd.,3,4,12,2,Direct root login and unrestricted sudo.,Root login disabled and sudo restricted by role.,Just-in-time privilege with session recording and command-level auditing.,"Disable direct root SSH, scope sudo rules, require authentication, and log all elevated commands.",NIST SP 800-63B; NIST SP 800-53 Rev.5 AC and IA families; CIS Controls 5 and 6; Windows LAPS documentation,"A.8.2, A.8.18",PR.AA-05,"5.4, 6.8",CC6.3,PE:T1548.003,Privilege Escalation,Identity,New,05_srv_part2.yaml
SRV-ADM-01,SRV,Server Security,ADM,Secure Administration,Only secure protocols are used for administration and credential transmission,All,Preventive,Protect administrative sessions and credentials from interception and downgrade.,Cleartext or weak administrative protocols expose credentials to anyone on the network path.,"Credential interception, adversary-in-the-middle, protocol downgrade (telnet, FTP, SMBv1, NTLMv1, HTTP).","Are only encrypted, authenticated protocols used for administration (SSH, RDP with NLA/TLS, WinRM over HTTPS, HTTPS consoles), with legacy protocols disabled?",4,"Windows: RDP NLA via `(Get-ItemProperty ""HKLM:\SYSTEM\CurrentControlSet\Control\Terminal Server\WinStations\RDP-Tcp"").UserAuthentication`; `winrm enumerate winrm/config/listener`; `Get-SmbServerConfiguration | select RequireSecuritySignature,EnableSMB1Protocol`; LmCompatibilityLevel under `HKLM\SYSTEM\CurrentControlSet\Control\Lsa`.
Linux: `sshd -T | egrep ""ciphers|macs|kexalgorithms""` and `ss -tlnp | egrep "":23 |:21 |:80 ""`.
Authorised scan: `nmap -sV -p 21,23,80,445,3389,5985,5986 <ip>`.",Configuration Review; Technical Validation; Automated Validation,High,Nmap and credentialed scanner checks; OpenSCAP and CIS-CAT.,3,4,12,3,Cleartext and legacy protocols in use.,Secure protocols mandated and legacy disabled on most servers.,Enforced by baseline with continuous verification and alerts on cleartext admin traffic.,"Disable legacy protocols, require NLA/TLS and SSH with modern ciphers, and enforce SMB signing.",NIST SP 800-53 Rev.5 AC-17; Microsoft privileged access (enterprise access model); CIS Controls 4 and 12,"A.8.5, A.8.21, A.8.24","PR.DS-02, PR.AA-03","3.10, 4.6","CC6.1, CC6.7","CA:T1040, T1557 | LM:T1021",Credential Access; Lateral Movement,Network; Identity,12.2,05_srv_part2.yaml
SRV-ADM-02,SRV,Server Security,ADM,Secure Administration,Servers are administered only from hardened administrative workstations or jump hosts,All,Preventive,"Keep administrator credentials off general-purpose, internet-exposed workstations.",Admin credentials typed on a compromised daily-use machine hand attackers the keys to the servers.,Theft of administrator credentials from compromised workstations.,"Are servers administered only from dedicated, hardened workstations or jump hosts that meet endpoint security requirements, with direct administration from standard workstations blocked?",4,"Review firewall and host-firewall rules for source restrictions on 22, 3389, 5985 and 5986.
Attempt administrative logon from a standard workstation (expect failure).
Verify the PAW build baseline, no email or browsing, MFA and EDR, and sample session recordings.",Configuration Review; Technical Validation; Observation,Medium,Firewall rule analysis; PAW compliance via Intune or Defender.,3,5,15,3,Administration from any workstation.,Jump hosts or PAWs required for administration of critical servers.,"Tiered administration with enforced PAWs, session recording and just-in-time access.",Introduce a tiered admin model with PAWs or bastions and block admin protocols from other sources.,NIST SP 800-53 Rev.5 AC-17; Microsoft privileged access (enterprise access model); CIS Controls 4 and 12,"A.8.2, A.8.20","PR.AA-05, PR.IR-01","4.6, 12.8","CC6.1, CC6.6",CA:T1003 | LM:T1021 | PE:T1078,Credential Access; Lateral Movement; Privilege Escalation,Identity; Device; Network,12.1,05_srv_part2.yaml
SRV-BCK-01,SRV,Server Security,BCK,"Backup, Restore and Recovery",Operationally critical servers are covered by a defined backup scope with RPO and RTO,All,Corrective,"Ensure critical data, configuration and system state can be recovered to agreed objectives.","Unrecoverable data loss or prolonged outage is an existential risk for many organisations, particularly under ransomware.",Permanent data loss and unrecoverable ransomware outage.,Are all servers holding operationally critical data or services included in a documented backup scope with defined recovery point and recovery time objectives?,3,"Reconcile backup console assets with the server inventory and business-critical list.
Check the last successful backup per server and the follow-up of failures.
Windows: `vssadmin list shadows`, `Get-WBSummary`. Linux: `systemctl list-timers | grep -i backup`.
Confirm system state and configuration are backed up, not just data.",Document Review; Technical Validation; Automated Validation,High,Backup platform API reconciled with CMDB; failure alerts to ticketing.,3,5,15,3,Backups are informal and incomplete.,Documented scope with RPO/RTO and monitored backup jobs.,"Scope driven by business impact analysis, with automated coverage assurance.","Define RPO/RTO from the business impact analysis, onboard all critical servers, and alert on missed or failed jobs.",NIST SP 800-34 Rev.1; 3-2-1-1-0 backup practice; CIS Control 11,"A.8.13, A.5.29, A.5.30","PR.DS-11, ID.AM-05","11.1, 11.2","A1.2, CC9.1","IM:T1486, T1485, T1490",Impact,Infrastructure; Data,7.1,05_srv_part3.yaml
SRV-BCK-02,SRV,Server Security,BCK,"Backup, Restore and Recovery","System, application and data restoration procedures are documented and accessible",All,Corrective,Ensure recovery can be executed under pressure by someone other than the original author.,Slow or failed recovery extends outage costs; plans stored only on affected systems are unusable.,Delayed or failed recovery during incidents.,"Are system, application, configuration and data restoration procedures documented, current, available offline, and aligned to BCP and DR plans?",5,"Review runbooks for restoration order, credential escrow, licence keys and dependencies (DNS, AD, certificates).
Confirm copies are accessible without production services (offline or printed).
Ask an engineer to walk through a bare-metal restore of a critical server.",Document Review; Interview,Low,Runbook review reminders in the document system.,3,4,12,2,No documented recovery procedures.,Documented runbooks reviewed annually and available offline.,Runbooks tested in exercises and updated after every change or test.,"Write and test runbooks including dependencies, and keep an offline copy.",NIST SP 800-34 Rev.1; 3-2-1-1-0 backup practice; CIS Control 11,"A.5.30, A.5.29",RC.RP-01,11.1,"A1.3, CC9.1",IM:T1490,Impact,Infrastructure,7.1,05_srv_part3.yaml
SRV-BCK-03,SRV,Server Security,BCK,"Backup, Restore and Recovery",Backups are verified and restores are tested on a defined schedule,All,Detective,Prove that backups are usable and that recovery meets objectives.,Untested backups frequently fail when needed; testing converts assumption into assurance.,Silent backup failure or corruption discovered during a crisis.,"Are backups integrity-verified and restore-tested at least monthly for critical systems and at least annually for full DR, with results recorded?",4,"Select 3 critical servers and obtain the latest restore-test evidence (date, scope, success, time versus RTO).
If none exists, perform a supervised test restore to an isolated network.
Review failures and corrective actions.",Document Review; Technical Validation; Observation,Medium,Backup platform automated recovery verification (for example sandbox restore testing).,3,5,15,3,Restores are never tested.,Monthly verification and annual DR test with documented results.,Automated recovery verification with measured RTO/RPO against targets.,"Schedule monthly verification and annual DR tests, record results, and fix failures.",NIST SP 800-34 Rev.1; 3-2-1-1-0 backup practice; CIS Control 11,"A.8.13, A.5.30","PR.DS-11, RC.RP-03",11.5,"A1.3, CC7.5",IM:T1490,Impact,Infrastructure,7.1,05_srv_part3.yaml
SRV-BCK-04,SRV,Server Security,BCK,"Backup, Restore and Recovery",An off-site and offline or immutable backup copy exists,All,Corrective,Ensure at least one recovery copy survives site loss and attacker deletion.,Ransomware operators target backups first; immutable and offline copies determine whether recovery is possible without paying.,"Ransomware encrypting or deleting online backups, and same-site disaster.",Does the backup strategy include at least one off-site copy and one offline or immutable copy protected from deletion by compromised administrator credentials?,4,"In a test scope, attempt deletion of a restore point using a production backup-admin account (expect denial).
Cloud checks: `aws s3api get-object-lock-configuration --bucket <bucket>`; Azure immutable storage policy; Veeam hardened repository settings.
Confirm geographic separation of the off-site copy.",Configuration Review; Technical Validation; Observation,Medium,Cloud storage policy queries; backup platform configuration export.,4,5,20,3,All backups are online in the same site.,Off-site copy exists and a separate offline or immutable copy is maintained.,"Immutable, geographically separated copies with verified deletion protection and regular tests.",Implement immutable or offline copies off-site and require dual authorisation for deletion.,NIST SP 800-34 Rev.1; 3-2-1-1-0 backup practice; CIS Control 11,"A.8.13, A.8.14","PR.DS-11, PR.IR-03","11.3, 11.4",A1.2,"IM:T1490, T1485",Impact,Infrastructure; Data,7.1,05_srv_part3.yaml
SRV-BCK-05,SRV,Server Security,BCK,"Backup, Restore and Recovery",Backups are encrypted in transit and at rest and media is handled securely,All,Preventive,Protect confidentiality of backup data wherever it is stored or transmitted.,Backups contain the full data set; their compromise is equivalent to a breach of the source systems.,Theft or exposure of backup copies and interception in transit.,"Are backups encrypted in transit and at rest, with keys managed separately from the backup data, and is backup media handled per a media security standard?",5,"Inspect job settings for encryption and TLS.
Confirm key escrow is separate from the backup server.
Sample tape or media chain-of-custody records.
Confirm via capture or scan that backup traffic is encrypted.",Configuration Review; Document Review; Technical Validation,Medium,Backup platform configuration export; network protocol scan.,3,4,12,2,Backups are unencrypted and media handling is informal.,Encryption enabled with documented key management and media standard.,End-to-end encryption with HSM or KMS-managed keys and audited media handling.,"Enable backup encryption, separate key management, and adopt a media handling standard.",NIST SP 800-34 Rev.1; 3-2-1-1-0 backup practice; CIS Control 11,"A.8.24, A.8.13, A.7.10","PR.DS-01, PR.DS-02","3.10, 3.11, 11.3",CC6.7,CO:T1005 | XF:T1048,Collection; Exfiltration,Data,7.1,05_srv_part3.yaml
SRV-BCK-06,SRV,Server Security,BCK,"Backup, Restore and Recovery",Backup infrastructure and credentials are segregated from production administration,All,Preventive,Prevent a single compromised administrator or domain from destroying both production and backups.,Backup systems joined to the production domain are routinely compromised and wiped in ransomware attacks.,Compromised domain administrator deleting production data and backups.,"Are backup servers, consoles and credentials separated from production administration through separate identities, MFA, network isolation and restricted console access?",5,"Windows: `(Get-CimInstance Win32_ComputerSystem).PartOfDomain` to determine whether the backup server is domain-joined.
Review membership of backup administrator groups and MFA on the console.
Check that deletion and retention-change actions are audited and alerted.",Configuration Review; Interview; Technical Validation,Medium,Backup platform audit log export; AD group membership reports.,4,5,20,3,Backup servers are domain-joined and managed by domain administrators.,Dedicated backup administrators with MFA and restricted network access.,"Isolated backup domain or workgroup, dual authorisation for destructive actions and alerts.","Separate backup identities and network from production, require MFA, and alert on destructive actions.",NIST SP 800-34 Rev.1; 3-2-1-1-0 backup practice; CIS Control 11,"A.8.13, A.8.2, A.8.22","PR.AA-05, PR.IR-01","5.4, 6.5, 11.3","CC6.1, CC6.3",IM:T1490 | PE:T1078,Impact; Privilege Escalation,Identity; Infrastructure,New,05_srv_part3.yaml
SRV-DAT-01,SRV,Server Security,DAT,Data Protection,Sensitive data on servers is encrypted at rest,All,Preventive,"Protect data on disks, volumes and databases from exposure through theft or improper access to storage.","Encryption at rest limits the impact of lost drives, snapshots and storage-level access.","Data exposure from stolen disks, backups and snapshots.","Is sensitive data encrypted at rest through full-disk, volume or database encryption, with keys protected and recoverable?",4,"Windows: `manage-bde -status` and `Get-BitLockerVolume`.
Linux: `lsblk -f` (look for crypto_LUKS) and `cryptsetup status <name>`.
SQL Server: `SELECT name,is_encrypted FROM sys.databases`.
Verify recovery key escrow and who can retrieve keys.",Configuration Review; Technical Validation; Automated Validation,High,BitLocker reports through Intune or MBAM; configuration management queries.,3,4,12,2,No encryption at rest.,Encryption on servers holding sensitive data with escrowed keys.,Encryption everywhere with managed rotation and monitoring of key access.,"Enable disk and database encryption, escrow recovery keys, and restrict retrieval.",NIST SP 800-111; NIST SP 800-52 Rev.2; CIS Control 3,A.8.24,PR.DS-01,3.11,"CC6.1, CC6.7",CO:T1005,Collection,Data,New,05_srv_part3.yaml
SRV-DAT-02,SRV,Server Security,DAT,Data Protection,"Server services use current TLS versions, strong ciphers and managed certificates",All,Preventive,Ensure encrypted channels are actually strong and certificates are valid and managed.,Weak protocols enable decryption and downgrade; expired certificates cause outages.,"Downgrade and adversary-in-the-middle attacks, weak cipher decryption, expired certificates.","Do services use TLS 1.2 or higher with strong cipher suites and valid, managed certificates, with SSLv3 and TLS 1.0/1.1 disabled?",4,"`nmap --script ssl-enum-ciphers -p 443,636,3389 <ip>` or `testssl.sh <host>:443`.
Windows: `Get-TlsCipherSuite` and the SCHANNEL registry keys under `HKLM\SYSTEM\CurrentControlSet\Control\SecurityProviders\SCHANNEL\Protocols`.
Linux: `openssl ciphers -v`; certificate expiry via `openssl s_client -connect <host>:443 | openssl x509 -noout -dates`.",Technical Validation; Automated Validation,High,testssl.sh or SSL Labs-style scanning; certificate lifecycle management tools.,3,4,12,2,Legacy protocols and unmanaged certificates.,Cryptographic standard enforced on most services with certificate inventory.,Automated crypto compliance scanning and certificate renewal.,"Disable legacy protocols and weak ciphers, inventory certificates, and automate renewal.",NIST SP 800-111; NIST SP 800-52 Rev.2; CIS Control 3,A.8.24,PR.DS-02,3.10,CC6.7,"CA:T1557, T1040",Credential Access,Data; Network,12.2,05_srv_part3.yaml
SRV-DAT-03,SRV,Server Security,DAT,Data Protection,File systems enforce access control and permissions on sensitive data,All,Preventive,Ensure storage uses file systems capable of enforcing permissions and that permissions are appropriate.,"Without enforceable permissions, any local or network user can read or alter sensitive data.",Unauthorised data access or modification on file systems without permission enforcement.,"Are non-removable media formatted with access-control-capable file systems (NTFS, ReFS, ext4/XFS with ACLs), with appropriate permissions and no FAT file systems for sensitive volumes?",3,"Windows: `Get-Volume | select DriveLetter,FileSystem` and `icacls D:\Data`.
Linux: `lsblk -f`, `mount | grep -E ""vfat|ntfs-3g""`, `getfacl -R /srv/data | head`, and `findmnt` to check nodev, nosuid and noexec options where appropriate.",Configuration Review; Technical Validation; Automated Validation,High,Configuration management file system and ACL reports.,2,4,8,1,Sensitive data on file systems without permission support.,Access-control file systems with documented permission standards.,Permissions baselined and monitored with automated drift detection.,Migrate sensitive volumes to ACL-capable file systems and apply least-privilege permissions.,NIST SP 800-111; NIST SP 800-52 Rev.2; CIS Control 3,"A.8.3, A.5.15","PR.AA-05, PR.DS-01",3.3,"CC6.1, CC6.3",DE:T1222 | CO:T1005,Defense Evasion; Collection,Data,1.2,05_srv_part3.yaml
SRV-GOV-01,SRV,Server Security,GOV,"Governance, Ownership and Risk",Every server is registered in an authoritative inventory reconciled with discovery,All,Detective,"Maintain an accurate record of all servers, their role, owner and lifecycle.","Unknown servers are unpatched, unmonitored and unowned, and are favoured footholds for attackers.",Shadow or forgotten servers.,"Is every server registered in an authoritative inventory or CMDB (owner, role, OS, criticality, location, network address, lifecycle), and is it reconciled with network discovery?",4,"Obtain discovery data (`nmap -sn <subnets>`, DHCP, DNS and ARP exports, hypervisor inventory, cloud APIs) and compare it with the CMDB.
Quantify unmatched hosts in both directions and check mandatory fields for completeness.",Document Review; Technical Validation; Automated Validation,High,Scheduled discovery reconciled with CMDB via API.,3,4,12,3,No reliable server inventory.,Maintained CMDB with a registration step in provisioning.,Automated discovery and reconciliation with exceptions closed within defined time.,Make registration part of provisioning and reconcile discovery with the CMDB at least monthly.,ISO/IEC 27005; NIST SP 800-30 Rev.1; NIST SP 800-53 Rev.5 RA and SA families; ISO/IEC 27036 (supplier relationships),A.5.9,"ID.AM-01, ID.AM-02","1.1, 1.2",CC6.1,DI:T1018,Discovery,Infrastructure,10.1,05_srv_part3.yaml
SRV-GOV-02,SRV,Server Security,GOV,"Governance, Ownership and Risk","Every server has accountable owners, a criticality rating and a data classification",All,Preventive,Ensure clear accountability and risk-based treatment of each server.,"Unclear ownership delays response and leaves patching, backup and monitoring unprioritised.",Unmanaged systems and misprioritised protection.,"Does every server have a named business owner, system administrator and application administrator approved by management, with criticality and data classification recorded and responsibilities for server-standard compliance documented?",5,"Sample 10 servers and verify named owners and administrators are current employees and approved.
Confirm criticality and classification drive patching, backup and monitoring tiers.
Verify application administrators are accountable for application-level compliance with the server standard.",Document Review; Interview,Medium,CMDB mandatory fields; HR-to-CMDB owner validation.,3,3,9,2,Ownership is unknown or informal.,Named owners and administrators recorded with criticality.,Automated owner validation and risk-based service tiers driving controls.,"Make owner, administrators, criticality and classification mandatory CMDB fields with periodic validation.",ISO/IEC 27005; NIST SP 800-30 Rev.1; NIST SP 800-53 Rev.5 RA and SA families; ISO/IEC 27036 (supplier relationships),"A.5.2, A.5.9, A.5.12, A.5.13","GV.RR-02, ID.AM-05","1.1, 3.2",CC1.3,N/A,,Infrastructure,"8.1, 8.2",05_srv_part3.yaml
SRV-GOV-03,SRV,Server Security,GOV,"Governance, Ownership and Risk",A security review and risk assessment is completed before production and on significant change,All,Preventive,Ensure risk is understood and formally accepted before a server enters service.,Risk assessed after go-live is difficult to remediate and leaves leadership accepting unknown exposure.,Unassessed systems deployed with unmanaged risk.,"Is a security review and risk assessment completed for new servers and significant changes before production by an approved assessor, with residual risk accepted by the owner?",4,"Sample 5 new servers and verify the risk assessment date precedes go-live, the assessor, findings and the owner's risk acceptance.
Confirm re-assessment triggers and scheduled review dates exist.",Document Review; Interview,Low,Workflow gate in provisioning requiring an attached assessment ID.,3,4,12,2,No pre-production risk assessment.,Standard assessment completed with owner acceptance for new servers.,Threat-informed assessments integrated into provisioning with periodic reassessment.,"Introduce a mandatory pre-production risk assessment and risk acceptance step, and reassess on change.",ISO/IEC 27005; NIST SP 800-30 Rev.1; NIST SP 800-53 Rev.5 RA and SA families; ISO/IEC 27036 (supplier relationships),"A.5.8, A.8.29","ID.RA-05, ID.RA-06",N/A,"CC3.2, CC8.1",N/A,,Infrastructure,"9.1, 9.2",05_srv_part3.yaml
SRV-GOV-04,SRV,Server Security,GOV,"Governance, Ownership and Risk",Third-party system administration and hosting are governed through contracts and access controls,All,Preventive,"Manage risk introduced by vendors who administer, host or support servers.",Third parties with privileged access are a leading supply-chain breach vector.,Third-party compromise and unmanaged vendor access.,"Are contracts for outsourced administration, hosting and support reviewed for security and risk clauses (access, audit rights, breach notification, subcontractors), and is third-party access controlled?",5,"Sample 3 contracts for required clauses.
Review vendor accounts and remote access methods (MFA, session recording, time-bound access).
Obtain assurance reports and map complementary user entity controls to internal controls.",Document Review; Interview; Technical Validation,Low,Vendor access reports from PAM; vendor risk platform integration.,3,4,12,2,Vendors have standing access with no security terms.,Contracts include security clauses and vendor access is controlled.,"Continuous vendor monitoring, just-in-time recorded access, and annual assurance review.","Add security clauses and audit rights, enforce MFA and recorded just-in-time vendor access, and review assurance reports.",ISO/IEC 27005; NIST SP 800-30 Rev.1; NIST SP 800-53 Rev.5 RA and SA families; ISO/IEC 27036 (supplier relationships),"A.5.19, A.5.20, A.5.21, A.5.22","GV.SC-05, GV.SC-06","15.1, 15.4",CC9.2,"IA:T1195, T1199",Initial Access,Infrastructure; Identity,9.5,05_srv_part3.yaml
SRV-VIR-01,SRV,Server Security,VIR,Virtualization Platforms,Virtualization management planes are isolated and hardened,Hypervisor,Preventive,Protect the interfaces that control all hosted workloads.,"Compromise of vCenter, an ESXi host or a Hyper-V or Proxmox management interface gives control of every VM and datastore.","Management-plane exploitation, including ESXi and vCenter ransomware campaigns.","Are hypervisor and management interfaces (vCenter, ESXi, Hyper-V Manager/SCVMM/WAC, Proxmox GUI/API) restricted to a management network, not internet-exposed, and secured with TLS and trusted certificates?",5,"Scan public ranges for 443, 902, 8006, 5985 and 22 and compare with documented exposure.
From a user VLAN test reachability of management addresses.
VMware: `Get-VMHost | Get-VMHostFirewallException | where Enabled`. Proxmox: `pve-firewall status` and `ss -tlnp | grep -E ""8006|22""`. Hyper-V: `Get-NetFirewallRule -DisplayGroup ""Hyper-V*"" -Enabled True`.",Configuration Review; Technical Validation; Penetration Validation,Medium,External attack-surface scans; PowerCLI and PowerShell configuration reports.,3,5,15,3,Management interfaces reachable from the user network or internet.,Dedicated management network with firewall restrictions.,"Management plane behind jump hosts with MFA, continuous exposure monitoring and CA-issued certificates.",Isolate management interfaces on a restricted network and remove any internet exposure.,VMware vSphere Security Configuration Guide; Microsoft Hyper-V security documentation; CIS Benchmarks (VMware ESXi); Proxmox VE administration guide; NIST SP 800-125,"A.8.20, A.8.22, A.8.9",PR.IR-01,"4.6, 12.2",CC6.6,IA:T1190 | LM:T1021 | IM:T1486,Initial Access; Lateral Movement; Impact,Network; Infrastructure,New,05_srv_part3.yaml
SRV-VIR-02,SRV,Server Security,VIR,Virtualization Platforms,"Hypervisor administrative access uses central identity, MFA and least privilege",Hypervisor,Preventive,Prevent unmanaged or shared privileged access to the virtualization layer.,Local root accounts on hosts bypass SSO and MFA and are rarely monitored.,Shared root credentials and bypass of central identity.,"Is hypervisor and management access integrated with central identity, protected by MFA, role-based with least privilege, with local root or administrator accounts vaulted and lockdown mode or equivalent enforced?",5,"VMware: `Get-VMHost | select Name,@{N='Lockdown';E={$_.ExtensionData.Config.LockdownMode}}` and `Get-VIPermission | select Principal,Role,Entity`.
Hyper-V: `Get-LocalGroupMember ""Hyper-V Administrators""`.
Proxmox: `pveum user list`, `pveum acl list`, and GUI Datacenter > Permissions > Two Factor.
Confirm the break-glass local account is vaulted and alerted.",Configuration Review; Technical Validation; Automated Validation,High,PowerCLI permission export; Proxmox API user and ACL export.,4,5,20,3,Shared root credentials used directly on hosts.,Central identity with role-based access and vaulted local accounts.,"MFA, lockdown mode and just-in-time access with alerting on any local account use.","Integrate with central identity, enable lockdown mode, enforce MFA and vault local accounts.",VMware vSphere Security Configuration Guide; Microsoft Hyper-V security documentation; CIS Benchmarks (VMware ESXi); Proxmox VE administration guide; NIST SP 800-125,"A.8.2, A.8.5, A.5.15","PR.AA-03, PR.AA-05","5.4, 6.5, 6.7","CC6.1, CC6.3",IA:T1078 | PE:T1078,Initial Access; Privilege Escalation,Identity; Infrastructure,New,05_srv_part3.yaml
SRV-VIR-03,SRV,Server Security,VIR,Virtualization Platforms,Virtual machines are built from hardened templates with controlled snapshots and devices,Hypervisor,Preventive,Reduce guest attack surface and data exposure through VM configuration.,"Forgotten snapshots, attached media and unmanaged VMs create hidden data exposure and escape surfaces.","VM escape, snapshot data exposure, rogue or unmanaged VMs.","Are VMs built from hardened templates with unnecessary virtual hardware removed, snapshots and checkpoints controlled, guest tools patched and VM escape surfaces minimised?",4,"VMware: `Get-VM | Get-Snapshot | select VM,Name,Created`, `Get-VM | Get-CDDrive | where {$_.IsoPath}`, and check isolation.tools settings against the VMware Security Configuration Guide.
Hyper-V: `Get-VMSnapshot -VMName *`, `Get-VMFirmware -VMName * | select VMName,SecureBoot`.
Proxmox: `qm list` and `qm config <vmid>` for unused USB, serial or CD devices.",Configuration Review; Technical Validation; Automated Validation,Medium,PowerCLI and PowerShell hardening audits.,2,4,8,2,VMs created ad hoc from arbitrary media.,Hardened templates with snapshot lifecycle limits.,Templates versioned as code with automated compliance and snapshot expiry.,"Standardise hardened VM templates, delete stale snapshots, and remove unused virtual devices.",VMware vSphere Security Configuration Guide; Microsoft Hyper-V security documentation; CIS Benchmarks (VMware ESXi); Proxmox VE administration guide; NIST SP 800-125,"A.8.9, A.8.19",PR.PS-01,"4.1, 4.8","CC6.1, CC7.1",PE:T1611 | CO:T1005,Privilege Escalation; Collection,Infrastructure; Device,New,05_srv_part3.yaml
SRV-VIR-04,SRV,Server Security,VIR,Virtualization Platforms,Virtual networks and storage access are segmented and restricted,Hypervisor,Preventive,Prevent cross-VM and cross-zone access through virtual switching and storage networks.,Flat virtual networks and open storage exports allow lateral movement and data theft below the guest OS.,"Sniffing, lateral movement across VMs, unauthorised storage mounts.","Are virtual switches, VLANs, storage networks (vMotion, iSCSI, NFS, replication) and management traffic segregated, with promiscuous mode, MAC changes and forged transmits restricted, and storage access controlled?",5,"VMware: `Get-VirtualSwitch | Get-SecurityPolicy` and `Get-VirtualPortGroup | Get-SecurityPolicy` (AllowPromiscuous, MacChanges and ForgedTransmits should be Reject); confirm vMotion uses a dedicated VLAN.
Hyper-V: `Get-VMNetworkAdapter * | select VMName,SwitchName,MacAddressSpoofing`.
Proxmox: review `/etc/network/interfaces` and datacenter firewall rules.
Verify iSCSI CHAP and NFS export restrictions.",Configuration Review; Technical Validation,Medium,PowerCLI network policy exports; storage array configuration export.,3,4,12,2,A single flat virtual network for all traffic.,"Separate VLANs for management, storage and workloads with secure switch policies.",Micro-segmentation with distributed firewalling and monitored policy changes.,"Separate management, storage and workload networks, set secure vSwitch policies, and restrict storage exports.",VMware vSphere Security Configuration Guide; Microsoft Hyper-V security documentation; CIS Benchmarks (VMware ESXi); Proxmox VE administration guide; NIST SP 800-125,"A.8.20, A.8.22",PR.IR-01,"12.2, 13.4",CC6.6,LM:T1021 | CA:T1040,Lateral Movement; Credential Access,Network; Infrastructure,New,05_srv_part3.yaml
SRV-VIR-05,SRV,Server Security,VIR,Virtualization Platforms,Hypervisor logging and ransomware resilience controls are in place,Hypervisor,Detective,Detect hypervisor tampering and reduce the impact of hypervisor-targeting ransomware.,"Attackers encrypt datastores directly from the hypervisor, bypassing guest-level protections.",Hypervisor-targeting ransomware and undetected host tampering.,"Are hypervisor and management logs forwarded to the SIEM, shell and SSH services disabled by default, host configuration backed up, and ransomware protections (acceptance levels, execution restrictions, datastore snapshots and backups) in place?",5,"VMware: `Get-VMHost | Get-VMHostSysLogServer`; `Get-VMHost | Get-VMHostService | where {$_.Key -in 'TSM','TSM-SSH'} | select VMHost,Key,Running`; `esxcli software acceptance get`; `Get-AdvancedSetting -Entity (Get-VMHost) -Name UserVars.ESXiShellTimeOut`; host configuration backup with `vim-cmd hostsvc/firmware/backup_config`.
Hyper-V: confirm forwarding of Microsoft-Windows-Hyper-V-* event logs.
Proxmox: `journalctl -u pveproxy`, rsyslog forwarding and Proxmox Backup Server jobs.",Configuration Review; Technical Validation; Automated Validation,Medium,PowerCLI compliance scripts; SIEM source monitoring.,3,5,15,3,No hypervisor logging; SSH left enabled.,"Logs forwarded, SSH disabled by default, host configuration backed up.","Detection use cases for hypervisor attacks, immutable datastore backups and tested recovery.","Forward hypervisor logs, disable SSH and shell by default, back up host configuration, and test datastore recovery.",VMware vSphere Security Configuration Guide; Microsoft Hyper-V security documentation; CIS Benchmarks (VMware ESXi); Proxmox VE administration guide; NIST SP 800-125,"A.8.15, A.8.16, A.8.13, A.8.9","PR.PS-04, DE.CM-09, PR.DS-11","8.2, 8.9, 11.2","CC7.2, A1.2",IM:T1486 | DE:T1070 | EX:T1059,Impact; Defense Evasion; Execution,Infrastructure,New,05_srv_part3.yaml
